p,posterior_x_class_mcmc,posterior_x_class_mcmc_stderr,posterior_x_class_component_norm_mcmc,mean_affine_dimension,mean_list_size,mean_acceptance_rate,logical_00_chain_entropy_mcmc,logical_00_chain_entropy_mcmc_stderr,logical_00_chain_component_norm_mcmc,logical_01_chain_entropy_mcmc,logical_01_chain_entropy_mcmc_stderr,logical_01_chain_component_norm_mcmc,logical_02_chain_entropy_mcmc,logical_02_chain_entropy_mcmc_stderr,logical_02_chain_component_norm_mcmc,logical_03_chain_entropy_mcmc,logical_03_chain_entropy_mcmc_stderr,logical_03_chain_component_norm_mcmc,logical_04_chain_entropy_mcmc,logical_04_chain_entropy_mcmc_stderr,logical_04_chain_component_norm_mcmc,logical_05_chain_entropy_mcmc,logical_05_chain_entropy_mcmc_stderr,logical_05_chain_component_norm_mcmc,logical_07_chain_entropy_mcmc,logical_07_chain_entropy_mcmc_stderr,logical_07_chain_component_norm_mcmc,logical_06_chain_entropy_mcmc,logical_06_chain_entropy_mcmc_stderr,logical_06_chain_component_norm_mcmc,logical_10_chain_entropy_mcmc,logical_10_chain_entropy_mcmc_stderr,logical_10_chain_component_norm_mcmc,logical_09_chain_entropy_mcmc,logical_09_chain_entropy_mcmc_stderr,logical_09_chain_component_norm_mcmc,logical_08_chain_entropy_mcmc,logical_08_chain_entropy_mcmc_stderr,logical_08_chain_component_norm_mcmc,logical_11_chain_entropy_mcmc,logical_11_chain_entropy_mcmc_stderr,logical_11_chain_component_norm_mcmc,posterior_x_class_component_norm_dp_decomp_mcmc,scaled_posterior_x_class_component_norm_dp_decomp_mcmc,logical_00_chain_component_norm_dp_mcmc,scaled_logical_00_chain_component_norm_dp_mcmc,logical_01_chain_component_norm_dp_mcmc,scaled_logical_01_chain_component_norm_dp_mcmc,logical_02_chain_component_norm_dp_mcmc,scaled_logical_02_chain_component_norm_dp_mcmc,logical_03_chain_component_norm_dp_mcmc,scaled_logical_03_chain_component_norm_dp_mcmc,logical_04_chain_component_norm_dp_mcmc,scaled_logical_04_chain_component_norm_dp_mcmc,logical_05_chain_component_norm_dp_mcmc,scaled_logical_05_chain_component_norm_dp_mcmc,logical_07_chain_component_norm_dp_mcmc,scaled_logical_07_chain_component_norm_dp_mcmc,logical_06_chain_component_norm_dp_mcmc,scaled_logical_06_chain_component_norm_dp_mcmc,logical_10_chain_component_norm_dp_mcmc,scaled_logical_10_chain_component_norm_dp_mcmc,logical_09_chain_component_norm_dp_mcmc,scaled_logical_09_chain_component_norm_dp_mcmc,logical_08_chain_component_norm_dp_mcmc,scaled_logical_08_chain_component_norm_dp_mcmc,logical_11_chain_component_norm_dp_mcmc,scaled_logical_11_chain_component_norm_dp_mcmc
0.0,0.0,0.0,0.0,0.0,1.0,0.0,0.0,0.0,0.0,0.0,0.0,0.0,0.0,0.0,0.0,0.0,0.0,0.0,0.0,0.0,0.0,0.0,0.0,0.0,0.0,0.0,0.0,0.0,0.0,0.0,0.0,0.0,0.0,0.0,0.0,0.0,0.0,0.0,0.0,0.0,0.0,0.0,0.0,0.0,0.0,0.0,0.0,0.0,0.0,0.0,0.0,0.0,0.0,0.0,0.0,0.0,0.0,0.0,0.0,0.0,0.0,0.0,0.0,0.0,0.0,0.0,0.0,0.0
0.01,0.04008588542310285,0.027991795665778803,0.00027837420432710316,78.0,1.16,0.001383333333333333,0.020080266070727205,0.019998522928433175,0.00013944629215782782,5.61935237565243e-06,5.619352375652431e-06,3.902328038647521e-08,0.0,0.0,0.0,0.0,0.0,0.0,0.0,0.0,0.0,0.0,0.0,0.0,0.02,0.019999999999999993,0.0001388888888888889,0.0,0.0,0.0,0.0,0.0,0.0,0.0,0.0,0.0,0.0,0.0,0.0,0.0,0.0,0.0,0.038543333441505435,0.09345779779668772,0.009157135571383859,0.02220372884784464,0.0029178575002144235,0.007075063620754055,5.091785397101987e-08,1.2346286830345786e-07,2.692890869054706e-08,6.529576657156708e-08,7.1575022121059635e-06,1.7355125640171334e-05,0.0,0.0,0.02213139377156882,0.0536630109380951,6.754366591726613e-05,0.00016377624113189136,0.001080092817536121,0.0026189508568619244,0.0015881614581611764,0.003850888316408232,9.817592752533104e-06,2.3805169828108895e-05,0.0015840957149964724,0.0038410299214887357
0.02,0.23194546212576733,0.06948147920994682,0.0016107323758733842,78.0,1.34,0.003601666666666666,0.02,0.019999999999999993,0.0001388888888888889,0.02,0.019999999999999993,0.0001388888888888889,0.0,0.0,0.0,0.0,0.0,0.0,0.0,0.0,0.0,0.0,0.0,0.0,0.13847050666004004,0.04900856243856328,0.0009616007406947225,0.0,0.0,0.0,0.013334258328187479,0.013334258328187479,9.25990161679686e-05,0.020105515529756063,0.01999812487211459,0.00013962163562330598,3.5181607783734136e-05,3.5181607783734136e-05,2.443167207203759e-07,0.02,0.019999999999999993,0.0001388888888888889,0.0404381440038162,0.09805223233526279,0.009141833882752175,0.02216662613787125,0.006577267109672767,0.015948202833143257,3.867913870813709e-05,9.378709108855747e-05,1.0023885599181513e-05,2.430537760536899e-05,1.4315108911733901e-05,3.4710504636055035e-05,7.06332023413013e-10,1.7126758255520606e-09,0.016841537189249887,0.04083645177205607,0.002947185074235644,0.007146175541753371,0.0017267943610193128,0.00418703790821628,0.0010095707540112887,0.0024479527577195292,1.4206854245081686e-05,3.44480145542907e-05,0.0021167299390789595,0.005132532683942913
0.03,0.08056475833638496,0.037131335612450134,0.0005594774884471178,78.0,1.84,0.0024983333333333333,0.01955002648341195,0.01835561872047775,0.00013576407280147188,0.00043871273123344045,0.000306488911697712,3.0466161891211142e-06,1.4763405324364887e-12,1.4763405324364887e-12,1.0252364808586726e-14,0.0,0.0,0.0,0.0,0.0,0.0,0.0,0.0,0.0,0.05898483817492164,0.03301097456322517,0.00040961693177028914,0.0003808101182917112,0.0002904067662285179,2.6445147103591056e-06,0.00029554847547711685,0.00022416661135668601,2.0524199685910893e-06,0.00047667802742935595,0.00030818251312203027,3.3102640793705275e-06,3.348535912526401e-14,3.3485359125264006e-14,2.3253721614766673e-16,0.0004381443241099375,0.0003066372963231505,3.0426689174301215e-06,0.05051598862018731,0.12248844685761683,0.011382738152645561,0.02760025004731509,0.011493931001503296,0.02786986447495028,0.0021773475053326664,0.0052795148918638735,9.242147127856449e-05,0.0002240986028863594,5.24275023211246e-05,0.00012712338226658745,5.069397613855986e-06,1.2292002140027129e-05,0.009192475629649645,0.022289419516622406,0.007724308407868826,0.01872948675800013,0.0028587493434519065,0.006931741347624,0.0018546575156056456,0.004497073594805546,0.0005542368668535461,0.0013438836864610672,0.0031276258260626733,0.007583698552681462
0.04,0.21367922018710528,0.06054009917471756,0.0014838834735215645,78.0,2.22,0.003756666666666667,0.07793183676053696,0.037016623608010425,0.0005411933108370622,0.034730963533588406,0.02403264588060509,0.0002411872467610306,1.3197878222477708e-06,1.3083233504737475e-06,9.165193210053964e-09,6.9799731325898e-07,6.979973132589801e-07,4.847203564298473e-09,0.00018552245733778662,0.00018348425325760367,1.2883503981790739e-06,0.0,0.0,0.0,0.09873503688914063,0.04216667521672979,0.00068565997839681,0.0009891115839921153,0.000543787024987078,6.8688304443896895e-06,0.0007363922232070786,0.0005149336130565943,5.11383488338249e-06,7.578811668790264e-07,7.578811668790264e-07,5.2630636588821274e-09,0.00018410878851121915,0.0001841087885112191,1.278533253550133e-06,0.0001834722844887038,0.00018347228448870376,1.2741130867271096e-06,0.06794363718713405,0.1647460699122829,0.015251845900817403,0.036981854005649795,0.01646250089859635,0.03991738500106012,0.00603680413939571,0.014637717348814125,0.001392818798328131,0.0033772319620233616,0.00014736311680126318,0.00035731814409885695,1.6975500169581804e-05,4.116127798738855e-05,0.0030459438986610576,0.007385640617024982,0.01049243484316012,0.025441490561660122,0.004242251677914996,0.01028638325013939,0.004246129288809422,0.010295785472068521,0.0024198656931169417,0.005867559924096474,0.004188703431363066,0.010156542347659784
0.05,0.49975462095503853,0.10603730415432926,0.0034705182010766563,78.0,4.26,0.006841666666666668,0.06207287382376585,0.03232385308095961,0.0004310616237761517,0.10014903030545018,0.03971691612200246,0.0006954793771211818,0.000999923696717737,0.000819159557577472,6.943914560539841e-06,0.00025842312010426695,0.00018290426366234547,1.794605000724076e-06,2.7083165695643197e-09,2.7083165695643205e-09,1.8807753955307774e-11,1.8308126046865302e-08,1.618714333774408e-08,1.2713976421434238e-10,0.1410928938172327,0.04624494853350562,0.0009798117626196715,0.07365119371962027,0.032256295049297785,0.0005114666230529185,0.04269462844025223,0.024866827379135044,0.0002964904752795294,0.025213202126780174,0.017711105979477375,0.00017509168143597343,2.4084943108465625e-08,1.7618727155763658e-08,1.6725654936434462e-10,0.053622406803729386,0.030640001472204262,0.0003723778250258985,0.07846151105671714,0.1902492436542832,0.01951007675152347,0.04730698269284207,0.015128359090146634,0.03668242984194218,0.010193635781987082,0.024716978700657494,0.0034832691463293763,0.008446043309750038,0.00048614226966905744,0.0011787715768825583,0.0003110837675767585,0.0007542991550573304,0.00036471930101291284,0.0008843517060698412,0.008255190121206225,0.020016740126843877,0.007185487093144534,0.017422981871585162,0.005923018305399107,0.014361815590552331,0.005568886997482148,0.013503137079545811,0.0020516424312398245,0.004974712002554474
0.06,0.42656943784870877,0.09174360741219355,0.0029622877628382553,78.0,4.98,0.005423333333333333,0.09519168388942177,0.03719913973123674,0.0006610533603432068,0.06817394258563979,0.030520581865128737,0.00047343015684472075,0.05443436036914269,0.029885850250591234,0.0003780163914523798,0.0018773223007053385,0.0012869179140817864,1.303696042156485e-05,0.0009878705288548367,0.000766902948757058,6.860212005936366e-06,0.00013136216989905332,0.00013135578818225117,9.12237290965648e-07,0.07555412022785246,0.03558258417251239,0.0005246813904711976,0.05093346332473533,0.028547012012726167,0.0003537046064217731,0.013905258311729856,0.011108722688879902,9.656429383145733e-05,0.03785583384811641,0.023730305551630405,0.0002628877350563639,0.014067917057502717,0.013312354005286315,9.769386845487998e-05,0.013456303235108422,0.01329492065264255,9.344655024380848e-05,0.07772738403631288,0.18846917201792224,0.01972771619733242,0.04783470309226899,0.008981087417183228,0.0217768567709203,0.010382435790941558,0.025174770787780902,0.004929360447361689,0.011952447565431052,0.0007901897386629994,0.0019160094943282543,0.0005971996083887298,0.0014480574268377303,0.0023002638553978917,0.005577555833437765,0.004196034784486101,0.010174319017619806,0.010693809830601577,0.02592977377894272,0.0048995612181311305,0.011880192000298025,0.009040786631253146,0.021921612207956773,0.0011889385165724043,0.0028828740420999157
0.07,0.573557284630429,0.10850943851714627,0.003983036698822423,78.0,7.16,0.007155,0.17997904936036307,0.05019780882462576,0.0012498545094469658,0.1309451223242805,0.041609147760808256,0.0009093411272519478,0.045605395164368456,0.021525529847526433,0.00031670413308589203,0.031830372411045985,0.018501945099725955,0.000221044252854486,0.0018439055131459282,0.0011230670479427567,1.2804899396846724e-05,0.00017724400834535968,0.00016211959320807382,1.2308611690649977e-06,0.06056752743304803,0.028085960158112887,0.0004206078293961669,0.023556217282582725,0.011277915252540807,0.0001635848422401578,0.024019003594921894,0.01997551483014835,0.0001667986360758465,0.025085986330517923,0.02026885056029882,0.00017420823840637447,0.03465739969633391,0.023956447574761005,0.0002406763867800966,0.015290061511475175,0.013781075655888354,0.0001061809827185776,0.07506098052057386,0.18200382046765992,0.01625967529982697,0.03942558441960422,0.004381294156450209,0.01062352595897684,0.005578630572501352,0.01352676277516302,0.005258620022631429,0.012750818439472941,0.0015635574162229542,0.0037912297614487007,0.000950150477874404,0.0023038736743508795,0.00712178154560782,0.017268512093063043,0.004012850916168179,0.009730144645653426,0.01384050513404285,0.03355971097270182,0.003781283639011021,0.009168652791355784,0.009423322529547919,0.022849164638964435,0.0028893088106887546,0.00700584029690482
0.08,0.8539023408045822,0.1324971231677197,0.005929877366698488,78.0,9.3,0.007611666666666667,0.17032344938781674,0.048075872962448585,0.0011828017318598384,0.08422829032640461,0.03040811385042035,0.0005849186828222543,0.06414216798067975,0.026635558069644967,0.0004454317220880538,0.02287234284398145,0.019896205123022977,0.00015883571419431563,0.007308300460496004,0.00693677236011406,5.0752086531222256e-05,0.0074460788991007444,0.005151479412894638,5.170888124375517e-05,0.1911204857486186,0.051613620119271494,0.001327225595476518,0.06773501013159705,0.031236031653882335,0.0004703820148027573,0.12579744136655882,0.04088124153090794,0.0008735933428233252,0.048701381465624645,0.01956072109094331,0.0003382040379557267,0.0472983166519372,0.02474951106289816,0.00032846053230511945,0.016929075541766637,0.01322243548389892,0.00011756302459560165,0.07121548871150932,0.17267947916579002,0.013470231959681956,0.03266189253384065,0.008522274448104722,0.020664351809310987,0.0030472166985652323,0.00738872683364038,0.004210259335507789,0.010208809942364318,0.002360048100662302,0.005722517449532239,0.0008037502408022129,0.0019488902691286879,0.007487158483400463,0.01815445840135578,0.007317704917790375,0.017743576527457935,0.00980544372084683,0.023775711510797434,0.004108735812330164,0.009962641174550257,0.005865433996252869,0.014222188261000813,0.0042172309975643885,0.010225714452810498
0.09,0.6672069839718813,0.1122330093848202,0.004633381833138064,78.0,8.04,0.007510000000000001,0.11029685399051477,0.03710757670753452,0.0007659503749341303,0.07264166096133066,0.030953744380847456,0.0005044559788981297,0.05162009638166465,0.023409542980178964,0.00035847289153933783,0.018881834520395407,0.016190293881690736,0.00013112385083607922,0.0025483564101697782,0.0016686012532464239,1.7696919515067903e-05,0.00023280465079574404,0.00019323188273767956,1.6166989638593336e-06,0.09488751235624844,0.035010413087438456,0.0006589410580295031,0.07584018751103656,0.03242396498947507,0.0005266679688266428,0.06470825068862719,0.027534459414167357,0.0004493628520043555,0.030326489224997033,0.014316303643398953,0.00021060061961803496,0.07079402253248152,0.03077667678558461,0.0004916251564755661,0.07442891474361946,0.03462412726184928,0.0005168674634973573,0.07410096468998528,0.17967602581769979,0.01988943536091971,0.04822683100495531,0.02136434905107689,0.051803122236523794,0.0045546196979540845,0.011043796391357946,0.004474299089630695,0.010849039308839733,0.0028343130456649356,0.006872489529642551,0.0005901642655337544,0.00143099850662346,0.004225383942699549,0.010245483274805244,0.008974914373262595,0.02176188870669202,0.0019010724737456252,0.0046096180839626955,0.00416534964311159,0.010099915340462664,0.00014135949590581356,0.0003427608876916907,0.0009857042504800336,0.002390082546142654
0.1,0.9696893033349484,0.1319948292429055,0.006733953495381586,78.0,13.1,0.009561666666666666,0.2526711292017652,0.05167354241459745,0.0017546606194567028,0.17120015127548827,0.04446083106377673,0.0011888899394131129,0.02394346363408901,0.009247695025507735,0.000166274053014507,0.05706726509678575,0.02765318194386127,0.00039630045206101214,0.022975363418848024,0.01338609930301247,0.00015955113485311128,0.009532894242761769,0.008861110773643998,6.62006544636234e-05,0.1446096464317314,0.03972016564138702,0.0010042336557759125,0.06702112613451494,0.028241703976941344,0.00046542448704524266,0.09167067469118977,0.030384080814226028,0.0006366019075777067,0.0660939603728822,0.028283462848146347,0.0004589858359227931,0.036387832670447456,0.022778152727438626,0.0002526932824336629,0.026515796164444612,0.01919756314611636,0.00018413747336419868,0.07816429504085362,0.18952857027623546,0.026666569750538553,0.06465966124749797,0.029969313014265087,0.0726679751258025,0.012933771097209203,0.03136111114483848,0.004152244552825569,0.01006813882378133,0.0019467394696645068,0.004720348954634433,0.0005419539230403169,0.0013141006662408,0.004365552656700898,0.010585356818707215,0.006675653661671109,0.016186765242295773,-0.004226184035765236,-0.010247423297353243,0.0029651509994159876,0.007189738348932028,-0.0036140115314679984,-0.008763060399418368,-0.004212458517244371,-0.010214142399723451
0.11,1.0721209587019773,0.14342154410037597,0.007445284435430398,78.0,15.4,0.008851666666666667,0.23562678633373324,0.04695519126768667,0.001636297127317592,0.23160088934652823,0.05018055689430535,0.0016083395093508905,0.12893617155904316,0.03831559975278903,0.0008953900802711331,0.024905535285606906,0.015383771593742622,0.00017295510615004795,0.015788561903449454,0.008490179968608349,0.00010964279099617677,0.0019190391190932554,0.0011700070983170362,1.3326660549258717e-05,0.12840901945281405,0.03244856236879969,0.0008917293017556531,0.12658283911227947,0.03739118520354089,0.0008790474938352741,0.05994240273827176,0.023720587339989233,0.0004162666856824428,0.06475437554388828,0.02376211820053495,0.0004496831634992242,0.035118996369632546,0.020441101382941824,0.00024388191923355935,0.018536341937636976,0.007733360606752498,0.00012872459678914567,0.0828222956513291,0.200823039132992,0.02617297635839754,0.0634628225903926,0.03198813118209525,0.07756309662336806,0.01982294761008114,0.048065615089802095,0.005348250828442076,0.012968150387123975,0.0011506577008063659,0.0027900527830154046,0.0013011141950568712,0.003154871582048502,0.004423189225616846,0.010725110864932002,0.0024719150574453374,0.005993766417736464,-0.004715775796279473,-0.011434559013741264,0.0018115096000591497,0.004392450854465433,-0.0030718373743664536,-0.0074484257214944985,-0.0038807829360255307,-0.009409913324656752
0.12,1.1185651694093004,0.12005978532369796,0.007767813676453475,78.0,15.4,0.009408333333333335,0.334735014869825,0.054639341207800986,0.0023245487143737846,0.2466826140468909,0.0421283676115444,0.0017130737086589647,0.08622595884394413,0.02576521146160047,0.0005987913808607232,0.06331098444920298,0.02508401791952302,0.00043965961423057625,0.015229825975179074,0.009089568579300857,0.00010576268038318802,0.007771199023716235,0.004391501105564252,5.39666598869183e-05,0.14241476661686758,0.035884216369014676,0.0009889914348393581,0.0789377682144721,0.02969844498895185,0.000548178945933834,0.05958779189525524,0.020016449347608583,0.00041380411038371696,0.031699760356313306,0.00768375716384302,0.00022013722469662017,0.038629729807763205,0.020504983281981963,0.00026826201255391116,0.013339755309870695,0.005994619929514099,9.263718965187983e-05,0.08226885016401798,0.1994810743409973,0.01802580151906359,0.04370799209799929,0.02954406083798289,0.07163684656594665,0.01857554241302435,0.045040974191681654,0.006585622793630862,0.01596846324531009,0.002019363060787289,0.004896442724643269,0.0022122318942803987,0.0053641006782356206,0.004896081892146235,0.01187175551815362,-0.001535543330610165,-0.0037233027163571667,0.00018914709994488957,0.0004586336946519416,0.004222305326582965,0.010238018412354933,-0.0017483379243122415,-0.004239275579488442,-0.0007174254185030667,-0.0017395744921341412
0.13,1.2604222054197285,0.13991468787663894,0.008752931982081448,78.0,18.1,0.01046,0.29169354164387007,0.05066240529762952,0.0020256495947490977,0.2649226114426644,0.0473667684396381,0.001839740357240725,0.1820490099227448,0.03773972367851273,0.0012642292355746166,0.04653186647941904,0.021572590799285998,0.0003231379616626322,0.009979930550924655,0.005227382171021718,6.93050732703101e-05,0.010201980507724487,0.006895050170246578,7.084708685919782e-05,0.20409107636510682,0.042178279697166345,0.0014172991414243528,0.07269834082486168,0.025294397364843547,0.0005048495890615395,0.056427308231205446,0.016511869008017602,0.00039185630716114894,0.06709016981622101,0.018914315719638836,0.00046590395705709036,0.029669446814728925,0.018049412329304015,0.0002060378251022842,0.025066922820257385,0.012967290395681364,0.00017407585291845406,0.0734551859342951,0.17811017629245612,0.013248325454083474,0.03212382559779147,0.02509113904627773,0.06083964177707641,0.009604411000965067,0.023288258205448498,0.008102786513749618,0.019647200072640175,0.0033790273764372335,0.008193283483791192,0.0026427643885963597,0.006408032668699004,0.0015267232495798453,0.0037019162591963454,-0.0014322112642851097,-0.003472748690583112,0.005855697616351598,0.014198580011717817,0.005201773460101184,0.012612979958158107,-0.0017690437811345074,-0.004289482025255239,0.002003792873572593,0.004858688973775404
0.14,1.5164740690426362,0.17048528457848844,0.010531069923907196,78.0,25.42,0.010956666666666665,0.32180584995465117,0.05179442891210174,0.0022347628469073,0.3778338240608412,0.05542007120865429,0.0026238460004225084,0.19253015253211245,0.04049336241001595,0.0013370149481396697,0.09371150169431848,0.026179613228308845,0.0006507743173216562,0.037761274671225295,0.020958219444707993,0.00026223107410573124,0.02475599755920851,0.011736420629288313,0.00017191664971672577,0.09175218208861867,0.023551650681543922,0.0006371679311709629,0.11425745763301555,0.02988636722756813,0.0007934545668959413,0.08429218323370774,0.024199622840978107,0.0005853623835674149,0.09091674914984818,0.028215104915512174,0.0006313663135406124,0.04544164906923217,0.01847768936217074,0.0003155670074252234,0.04141524739585664,0.0153612608182966,0.0002876058846934489,0.06335688936771298,0.153624370983403,0.01992242290554858,0.048306817425445195,0.016367838088418928,0.03968785172039942,-0.0023590766192786417,-0.005720161853827079,0.008427842724135201,0.02043537885403379,0.004191095464073426,0.010162342419667235,0.001747001946310943,0.004236036172027858,0.0032253116652164525,0.007820561911090481,0.0002605012605014657,0.0006316494178345086,0.010434864613807993,0.02530189737203459,0.0031699254300711615,0.007686264352920426,-0.0031665837180655304,-0.007678161549736809,0.0011357456069730197,0.0027538947415134377
0.15,1.329443555372352,0.13715737311622236,0.009232246912308,78.0,27.64,0.010566666666666663,0.3271226772385969,0.053396690218990774,0.002271685258601367,0.3585129281188696,0.04756874663715263,0.0024896731119365945,0.0896991012038066,0.02296212590425129,0.0006229104250264347,0.07304004174861772,0.022767886139645647,0.0005072225121431787,0.0369356871460715,0.015199879369650171,0.00025649782740327427,0.010561765940387846,0.007452599448994821,7.334559680824894e-05,0.1761447698623186,0.03510661341846153,0.0012232275684883236,0.04933523795945586,0.016907956344660184,0.0003426058191628879,0.09139811544829556,0.023243216889225444,0.000634709135057608,0.08545147719143063,0.02370742649452996,0.0005934130360516016,0.018268569846546068,0.0075282065725237705,0.00012686506837879214,0.012973183667955284,0.004963311444643696,9.009155324968947e-05,0.06309851960593817,0.15299788990881263,0.02932735586023176,0.07111139201430708,0.004489854142790644,0.010886756363467233,-0.0015413734975211978,-0.0037374393908904987,0.006286054481309317,0.015242086145578149,0.0035813360295486704,0.008683830603274338,0.00044830918658371547,0.0010870359558735139,0.00872831225238676,0.02116394117358555,0.004321198681884023,0.010477809690843826,0.00928516420803035,0.02251416578641541,-0.00017587551916890603,-0.0004264534808028555,-0.002209327094921168,-0.005357057277291409,0.0005575108747841898,0.0013518223244522835
0.16,1.5631847301444608,0.14058265855671184,0.010855449514892089,78.0,39.5,0.012758333333333333,0.4389342729922289,0.05280033988601355,0.0030481546735571454,0.3054359777824245,0.045811909265657015,0.0021210831790446144,0.13875555011324187,0.0277237371697252,0.0009635802091197352,0.1100214441169237,0.02856105293963177,0.0007640378063675257,0.023202605138764744,0.007093437141834909,0.00016112920235253293,0.026778296481605946,0.009403992171265632,0.00018596039223337462,0.1900359812983285,0.04046427571612716,0.0013196943145717256,0.1137540336328064,0.030314461462065193,0.0007899585668944888,0.13113014881007082,0.03239088210875582,0.0009106260334032696,0.041095747576550885,0.012991929834201426,0.00028538713594827,0.010611232386676358,0.0042282285753529126,7.36891137963636e-05,0.03342943981483826,0.01234726172580191,0.00023214888760304345,0.08281038196346412,0.2007941514646955,0.031043476562711808,0.07527254901050968,0.001944592483936716,0.004715143059344532,0.010740116340201857,0.026042055307925187,0.005647675654757833,0.013694179569721663,0.003606568181742971,0.008745012166133425,0.0008779851629671413,0.00212889110781255,0.010585963794550457,0.025668274522638482,0.007266115216599834,0.017618484600222986,0.004059769451899324,0.00984391018261542,0.003949558862185527,0.009576677484017686,0.0011331466985235147,0.0027475930483624143,0.0019554135533871144,0.004741381405391431
0.17,1.6870497097375377,0.13699225266048354,0.011715622984288456,78.0,37.16,0.013743333333333337,0.47275920061129134,0.05159594778604774,0.0032830500042450787,0.3511678917748703,0.04723172639236907,0.0024386659151032658,0.14742954048662416,0.026099704008822732,0.0010238162533793343,0.0969179488213534,0.023725007971866878,0.0006730413112593987,0.05456468481476784,0.01974814680478223,0.00037892142232477666,0.008467563786367179,0.004287367253511767,5.880252629421652e-05,0.17265928145787704,0.03903792172638935,0.001199022787901924,0.11042870667862235,0.026568952745739366,0.0007668660186015441,0.1173877652643639,0.03242362969164633,0.0008151928143358604,0.09140425350043867,0.02767056828342167,0.000634751760419713,0.03187989517591393,0.013586985550215295,0.00022138816094384673,0.031982977365047495,0.01705181895318186,0.0002221040094794965,0.10786222737843111,0.2615385161621361,0.021017587286129492,0.05096231299615907,0.007880048149866412,0.019107116091451735,0.02354064298466717,0.05708008248440459,0.006038580116109898,0.014642023641441826,0.0048962537090093,0.011872172130423825,0.002512477835859806,0.0060921208568740235,0.01326322111781664,0.032159943800471956,0.007581144781646749,0.018382351312343646,0.0009102163502002192,0.0022070435536498483,0.011916162352413148,0.02889366830023805,0.004363333302882839,0.010579975449172009,0.003942559391829422,0.00955970554550548
0.18,1.8074024667559567,0.14696451368997102,0.012551406019138588,78.0,53.24,0.014379999999999999,0.4985119147570351,0.05530727659463262,0.003461888296923855,0.33536476532044673,0.04532044975652274,0.0023289219813919914,0.22306170149817917,0.03632645989587764,0.0015490395937373554,0.09285346707566224,0.020724073764625515,0.0006448157435809878,0.04800588639831556,0.013188364790469805,0.0003333742110994136,0.018815608737886222,0.007535114875072964,0.00013066394956865433,0.2349486115937702,0.03910656887145254,0.001631587580512293,0.11648935434180478,0.02887388453108401,0.0008089538495958666,0.08466240294835932,0.01877947886007354,0.0005879333538080508,0.07815490267761466,0.022091188625330473,0.0005427423797056574,0.04660390815014865,0.02122521321019493,0.00032363825104269895,0.029929943256734193,0.00997427349837904,0.00020784682817176524,0.12569022668602206,0.3047668881174821,0.011531055883110004,0.027959882887179502,0.01961188814057469,0.0475538494623131,0.02606668612489838,0.06320509576027286,0.009113336894952423,0.022097528177580768,0.007576561407466459,0.018371237793633123,0.004780540840608715,0.011591597802988742,0.01275340616585339,0.030923771979302964,0.007556085015419242,0.01832158774168682,0.0030978108546517893,0.00751140481675794,0.013764434588925824,0.03337525921440696,0.004699329592449132,0.011394681144993046,0.005139091177112028,0.01246099133636633
0.19,2.1097982017557104,0.17055908148806814,0.014651376401081322,78.0,68.3,0.016278333333333332,0.451655277799204,0.04950944865319753,0.0031364949847166946,0.4149546387950924,0.05059541954938311,0.0028816294360770305,0.2839088489630093,0.03859659223994979,0.0019715892289097867,0.14687987454258394,0.025813935039868632,0.001019999128767944,0.047714959030129546,0.014116645629054859,0.0003313538821536774,0.04902853788251881,0.017319269932680296,0.00034047595751749175,0.19905737571843296,0.03015237543400557,0.0013823428869335621,0.1343853163832191,0.03362049701524069,0.0009332313637723549,0.10893679336299662,0.02426961457872795,0.0007565055094652544,0.18308087585052138,0.034484337921390745,0.0012713949711841762,0.02949344041988998,0.010863098994040388,0.0002048155584714582,0.0607022630081124,0.022105057532352562,0.0004215434931118917,0.12638752105386866,0.3064576499228635,0.013867881586653977,0.033626091919653496,0.029278302586509628,0.07099245027970735,0.01982501967509206,0.04807063932137527,0.010996332468488272,0.026663314368093976,0.011072533175899872,0.026848081736906167,0.005620970370367737,0.013629426035302532,0.010545967404763991,0.02557129343212295,0.005950620450814898,0.01442874378525398,0.006062475787940731,0.014699964578739615,0.004864919969702389,0.011796195767953684,0.005327434861031956,0.012917676951137701,0.0029750627166031485,0.007213771746616778
0.2,2.2631182367018647,0.1304227360116126,0.01571609886598517,78.0,69.7,0.017189999999999997,0.4983612277603011,0.045709773807362186,0.0034608418594465357,0.4093436756768894,0.045686395175890265,0.0028426644144228432,0.24567182040640526,0.03704390075566499,0.0017060543083778142,0.13688778679847804,0.027913324474578192,0.0009506096305449864,0.093507064521529,0.019195527317096558,0.0006493546147328403,0.028871254667872093,0.008653744493367194,0.0002004948240824451,0.2998844011593125,0.045219403551747056,0.0020825305636063365,0.13518993210777647,0.03203057414371139,0.0009388189729706699,0.16574312692491908,0.032769696599768416,0.0011509939369786046,0.13040656980408902,0.027675919307553882,0.0009056011791950627,0.06410415560632289,0.019208511272758213,0.0004451677472661312,0.05514722126796949,0.019073578474060236,0.00038296681436089924,0.09917810238139624,0.24048171786403988,0.019460040166094515,0.047185656677007116,0.02905754275152219,0.0704571637287608,0.013503128454437598,0.032741658181504686,0.010032311745942192,0.02432580887194223,0.011906559028994923,0.02887038267914462,0.00641357899107212,0.015551300704449168,0.003266510884447454,0.007920459557621646,0.0036554148767126296,0.008863452999706862,0.004172274263474396,0.01011670578674485,-0.007091757948310143,-0.01719571249233225,0.0048537577071677915,0.011769130115303396,-5.125854015944521e-05,-0.00012428894581328976
0.21,2.3419702339228943,0.13605770668582448,0.016263682180020098,78.0,89.04,0.01881,0.5493615818168379,0.04840449712211096,0.0038150109848391523,0.5314641788931923,0.043828686702750974,0.0036907234645360575,0.2785564480220748,0.032998278563815965,0.001934419777931075,0.15560119726021515,0.023524558942492137,0.0010805638698626052,0.10641069163135061,0.024657039341311898,0.0007389631363288237,0.04916551996413002,0.014763804545801678,0.0003414272219731251,0.23422002943815806,0.036514239138826086,0.001626527982209431,0.15440394519998907,0.03435156066504032,0.0010722496194443686,0.11936936037390908,0.02043554143529264,0.0008289538914854797,0.0802507325811476,0.01977353957255569,0.0005572967540357471,0.037862255955582354,0.014613280352477198,0.00026293233302487743,0.04530429278630709,0.014888307817670091,0.0003146131443493548,0.07284939929566042,0.1766412974974402,0.01853335818551828,0.044938688150168014,0.022137701177089356,0.053678304795089976,0.010538104538228744,0.025552227977084695,0.010361310473434911,0.025123547256351703,0.012108433506073222,0.02935987703198072,0.00743271851863288,0.018022455308602296,-0.0038705708806229793,-0.0093851516830528,0.0005742991508599081,0.0013925296315465338,4.978355775235447e-05,0.00012071248796060399,-0.00732973334524126,-0.017772742410118888,0.004296991958915304,0.010419114533509697,-0.0019829975449803163,-0.004808265581682393
0.22,2.6178766875982107,0.1707481460095251,0.018179699219432018,78.0,120.96,0.022681666666666666,0.6454863753006745,0.04901486563701481,0.004482544272921351,0.5557791858752242,0.045637172347680825,0.003859577679689057,0.34514600720427396,0.03703973587457373,0.0023968472722519026,0.18961124537678484,0.02978823945477226,0.0013167447595610058,0.11550829517849732,0.01852862310211127,0.0008021409387395647,0.07096664426604007,0.012547640009157797,0.0004928239185141672,0.2103943813381651,0.03111568426727763,0.0014610720926261464,0.14264248314325167,0.029453626600942345,0.0009905727996059144,0.12214488306128603,0.021705349246067086,0.0008482283545922641,0.08499818077687134,0.018853402197062205,0.0005902651442838288,0.10173312751293975,0.0262442179010782,0.0007064800521731927,0.033465878564202384,0.014310574467041693,0.00023240193447362766,0.05562149443091297,0.1348680022075128,0.012019800669307345,0.02914496490588806,0.010046612395346233,0.024360484315943266,0.008187640323169137,0.01985294901687831,0.012281931650134345,0.029780565981740944,0.012815077231831541,0.03107330865658178,0.007134333432074981,0.01729894723093702,-0.004226270069250001,-0.010247631906710686,-0.0005835961622268073,-0.001415072523685321,-0.0009782533404630788,-0.0023720159810692756,-0.0015947648045472043,-0.003866899754865247,0.0019336209357312879,0.0046885398405218616,-0.0014146378301948084,-0.003430137574647919
0.23,2.1724536174444538,0.17316073270720567,0.015086483454475373,78.0,128.68,0.023445,0.48780191259391437,0.048322388203812426,0.003387513281902183,0.4304914785885688,0.04293406665790763,0.0029895241568650612,0.2639668204953256,0.040898353965220326,0.0018331029201064278,0.14599726723866746,0.028937909687354827,0.001013869911379635,0.11078641208351085,0.027093602432159563,0.0007693500839132698,0.07013149601542615,0.02266666550629204,0.0004870242778849038,0.23611039665451664,0.031431195860931765,0.0016396555323230323,0.11283354504657972,0.02335928161518661,0.0007835662850456925,0.12970301992594335,0.023978939969191673,0.0009007154161523844,0.09955961782047475,0.0223224273133808,0.000691386234864408,0.030693225148737065,0.009215353279350429,0.00021314739686622961,0.054378425832789165,0.020932041317947032,0.000377627957172147,0.07654742461711114,0.1856080700072357,0.014005111821880127,0.03395884039857843,0.01095468908220388,0.02656233972922828,0.013022422350302373,0.031576067925849084,0.01695713078700513,0.04111673689845792,0.015644244167302312,0.037933320175553675,0.0065716427069661435,0.01593456508456397,-0.0023833942407340655,-0.0057791259118353585,6.629591758567852e-05,0.0001607507682196524,-0.00021497882229148783,-0.0005212690629049857,0.0023594436033784125,0.005721051697095125,-8.947746988257005e-05,-0.00021696014695603424,-0.0003457052866047768,-0.0008382475486140329
0.24,2.8608311633292924,0.17577549830879852,0.01986688307867564,78.0,188.1,0.029688333333333334,0.6123529942555009,0.047127684391363805,0.004252451348996534,0.5852292798469775,0.04653765382918726,0.0040640922211595655,0.3371450544686975,0.03265737399443458,0.002341285100477066,0.25773693199831393,0.03291871689007593,0.0017898398055438468,0.19171111545503397,0.026993136010171406,0.001331327190659958,0.0850749772786996,0.014956920282275707,0.0005907984533243028,0.23949741213815146,0.03477315660866431,0.0016631764731816073,0.15957362893442129,0.027511994151885207,0.0011081502009334812,0.13161682736667404,0.021426935236158365,0.0009140057456019031,0.14602750848349036,0.029901686063676308,0.0010140799200242386,0.08032442645430617,0.01863116627269251,0.0005578085170437928,0.03454100664902533,0.008307396067734684,0.00023986810172934258,0.10398055062517798,0.2521264355576344,0.025799398803999462,0.06255699186889305,0.01555754539964618,0.03772309767600974,0.02353748696505803,0.05707242993813686,0.01748441223941766,0.0423952605486321,0.01622988874940151,0.039353359597354524,0.005616445844585908,0.013618455209017206,0.0014158098402346714,0.0034329794014319836,4.7448892825581896e-05,0.00011505151826319922,0.00018183354663596648,0.0004409001847219314,-0.0011715874590606712,-0.0028408021329083756,0.0002486285522057512,0.0006028611145891783,-0.0009667607497720811,-0.002344149366507009
0.25,2.695114717106991,0.16116404830241118,0.018716074424354103,78.0,274.6,0.03678666666666667,0.6583443166030962,0.04812510745832085,0.004571835531965946,0.5255370243515339,0.04322645233262456,0.0036495626691078744,0.3423652730684661,0.034950764392740044,0.0023775366185310146,0.24273711255748828,0.03293511227467181,0.0016856743927603354,0.17472221810787184,0.028205070014595445,0.001213348736860221,0.07961106311765484,0.014017944422792486,0.0005528546049837141,0.20650569913307856,0.030753670185130633,0.0014340673550908233,0.15363191051182834,0.023042342509071983,0.0010668882674432524,0.13116574679061568,0.024053665977564018,0.0009108732416014978,0.07188492427920068,0.013320037174110922,0.0004992008630500047,0.061510414991768764,0.01659525309458432,0.0004271556596650609,0.04709901359438755,0.017720514152520465,0.00032707648329435797,0.12234284125902646,0.29665032832748606,0.031519284491666515,0.07642626243495429,0.019709159841118762,0.04778970863973957,0.03418708886313095,0.08289501070468633,0.016756669526232115,0.040630669236359475,0.014409211259744635,0.034938678938257715,0.00659020991936278,0.015979585860580826,0.00586036277647496,0.014209891840575589,-0.0005837822908606478,-0.0014155238383660306,-0.0014770530133190415,-0.003581478547081464,-0.002606915572485259,-0.006321108391315304,-0.0005693169040168353,-0.001380448947898874,-0.001452077638022472,-0.0035209196030060756
0.26,3.055029564947016,0.15301396649150953,0.021215483089909833,78.0,312.96,0.04127166666666666,0.7096750187012622,0.041592446538351716,0.004928298740980987,0.6462433378274203,0.03611148124640728,0.004487800957134863,0.4715972631046116,0.036688317948093005,0.003274980993782025,0.26589341296004426,0.028215465174449995,0.0018464820344447517,0.2099771798318878,0.026461144250736524,0.0014581748599436653,0.11010048130006558,0.016648587876504303,0.0007645866756948999,0.2353294214496719,0.026935539148910788,0.0016342320934004994,0.10459010008557826,0.01854150183697543,0.0007263201394831823,0.11763421440693456,0.021433095557991055,0.0008169042667148233,0.08623630919431237,0.018127877470812254,0.0005988632582938359,0.05730598363185986,0.014081483438118938,0.00039795821966569347,0.04044684245336744,0.010115968403167478,0.0002808808503706072,0.12879533227129566,0.3122959808039327,0.024982883984335312,0.060577150736833694,0.01903526257607504,0.046155678868345276,0.03462970320885745,0.08396823811734896,0.018270114714491414,0.04430038956803152,0.01316696365554571,0.031926543893352054,0.008633218989252693,0.020933364153793058,0.009804498359902278,0.023773419250525372,0.0016480305920398397,0.003996055765839829,-0.0009621941742782071,-0.002333076580346012,0.0015509666396920205,0.0037607003250439046,-0.000700602202321742,-0.0016987824641547678,-0.001263514072296132,-0.0030637008306801288
0.27,3.11751815210481,0.16876714658862435,0.021649431611838958,78.0,402.9,0.04908833333333334,0.748619903996963,0.036876192507037005,0.005198749333312243,0.5636963602216958,0.041552282302649346,0.003914558057095109,0.4789486932094216,0.03964482754434988,0.0033260325917320948,0.26275313670175826,0.03112572002162911,0.0018246745604288768,0.21028002666033352,0.025373537788130146,0.0014602779629189827,0.09751698798328814,0.014383486117726066,0.000677201305439501,0.2802571353169032,0.030721082804655814,0.0019462301063673834,0.1501418556868767,0.023497171407645373,0.0010426517756033104,0.1301783694820715,0.02175888234663305,0.0009040164547366077,0.10275631588995975,0.01562796105096119,0.0007135855270136094,0.0715266161048505,0.014235998870546582,0.0004967126118392396,0.0208427508506884,0.005793815511565188,0.00014474132535200276,0.13962951358884018,0.3385661197996786,0.013575027598528494,0.032915995351391655,0.020821718616223533,0.05048738120089652,0.027592988278926943,0.06690599096966965,0.024914916706151185,0.06041234734350594,0.015862722411295684,0.03846307444761465,0.012342165735552028,0.029926618345996813,0.011230436235610349,0.027230956566565004,0.005142981095372047,0.012470423400532294,0.002224268717185374,0.005393286917741214,0.005623347998522046,0.013635191179918743,-0.0015244077610252456,-0.0036963017873327545,0.0018233479564977726,0.0044211558631789384
0.28,3.510477260476009,0.1738217739309398,0.024378314308861174,78.0,525.28,0.06269666666666666,0.7461861976270499,0.03853632350760965,0.005181848594632291,0.6782027297298814,0.03821239836262921,0.0047097411786797315,0.5324071878366078,0.03680727383883114,0.003697272137754221,0.37411941864707793,0.03723758711193102,0.0025980515183824855,0.2534756931237246,0.02744862660206298,0.001760247868914754,0.1369628933974673,0.021841944724438504,0.0009511312041490785,0.28233748855658203,0.03075835751868107,0.001960677003865153,0.1628612825812352,0.0195677645308667,0.0011309811290363555,0.110874195763279,0.017646878427807915,0.0007699596928005487,0.13061593157743853,0.02043967132124679,0.0009070550803988787,0.051346537093488326,0.009011352380948275,0.0003565731742603356,0.05108770454217752,0.013582662479371043,0.0003547757259873439,0.16568173813297243,0.40173614989825635,0.011297448081731757,0.027393443279716108,0.026285573806632368,0.06373584281490234,0.02350173747581652,0.05698574650319374,0.03047348923325223,0.07389047445112704,0.02096156938928996,0.05082648381875359,0.016691043141605365,0.04047154191557694,0.010834460125973878,0.026270815035400154,0.007333729507553792,0.017782432089137806,0.007337593000435014,0.01779180007846935,0.005198163961957729,0.012604227841578712,0.0005642645004531042,0.0013681981520157662,0.0052026659082706995,0.012615143918384773
0.29,3.366729565627365,0.1914508194937336,0.023380066427967812,78.0,616.74,0.070795,0.6871406839370543,0.038933048139598414,0.004771810305118433,0.6616199130543025,0.04347558513741393,0.004594582729543767,0.4978776206511799,0.03962453461990588,0.003457483476744305,0.34676161905221753,0.037299929493368446,0.002408066798973733,0.25742933759295106,0.028179966029219405,0.0017877037332843823,0.15431685024805403,0.019775579869443054,0.001071644793389264,0.25705996893867356,0.0313915622948036,0.001785138673185233,0.15595530034852784,0.021906651887401613,0.0010830229190869989,0.14822296475253022,0.022889252538572675,0.0010293261441147931,0.10884104371187739,0.020659632586365804,0.0007558405813324819,0.0504569925600294,0.009724482895249636,0.0003503957816668708,0.04104727077996758,0.007623410555996713,0.0002850504915275526,0.19409815984231477,0.4706387578744853,0.019842652183933766,0.04811339367858408,0.026583924438788938,0.06445926734939204,0.02521036048791403,0.06112872350381353,0.030065904444042852,0.07290218481933519,0.02397974516451553,0.058144793786519454,0.02018960682741515,0.04895467060042363,0.013572334366284609,0.0329094649469872,0.009218743963930279,0.022353113557963718,0.011437357782675857,0.02773268878271529,0.0031951488545135963,0.007747424753197134,0.003159243030793184,0.007660362246834562,0.00764313829750701,0.018532669848719513
0.3,4.225903067453305,0.15381644164285338,0.02934654907953684,78.0,790.98,0.08816666666666667,0.8336026170898695,0.025927804344650984,0.005788907063124094,0.7888436651690337,0.0281359934025941,0.00547808100811829,0.6197107660290659,0.03105438411443592,0.004303546986312958,0.4790305486582291,0.03535668079281696,0.003326601032348813,0.35046161480198684,0.030822926446942425,0.0024337612139026864,0.20184751468860654,0.019924139506722158,0.0014017188520042121,0.3354656455401625,0.02687025194264303,0.002329622538473351,0.1716905542617523,0.017844039419831884,0.0011922955157066132,0.16867547387960008,0.018372690244168082,0.0011713574574972229,0.12911320497357695,0.016739053829627308,0.0008966194789831733,0.07483751522875352,0.011930823320666353,0.0005197049668663439,0.07262394713266793,0.019292001391151548,0.0005043329661990828,0.2122034707844276,0.5145395401366655,0.02599014211295154,0.06301949596512459,0.023527160364600338,0.05704739055385613,0.029870478361715552,0.07242832618658196,0.028847079677619673,0.06994684420919196,0.02509550318908458,0.06085022371536718,0.022546800003849884,0.054670265583543105,0.01740825240905495,0.04221059229628516,0.01151945657286553,0.027931757504795172,0.010797062541494136,0.026180135387940586,0.004433842627778189,0.010750942660372131,0.0048969362781600525,0.011873827187316352,0.0072707566452532004,0.01762973888629122
0.31,4.1494155374559645,0.18687837109982333,0.028815385676777532,78.0,914.94,0.10070333333333333,0.8262774142241891,0.032068478743515164,0.005738037598779091,0.7258113370710072,0.034949432780634865,0.00504035650743755,0.6174454477092083,0.035619832409188264,0.0042878156090917245,0.43831871738610123,0.03143201579003862,0.003043879981847925,0.34277860487283557,0.030630883547377547,0.0023804069782835803,0.2151491100414525,0.019796915125738643,0.0014940910419545313,0.33345679017380125,0.029027093471869297,0.0023156721539847307,0.1978943816719729,0.021551127692301414,0.0013742665393887007,0.18318444787564142,0.021238823927747653,0.001272114221358621,0.10869808697078198,0.014780714816804543,0.000754847826185986,0.08321233473936808,0.015398166667199448,0.0005778634356900562,0.07718886471960573,0.01416938146695834,0.0005360337827750398,0.2160450392379248,0.5238543682973886,0.02385215280054523,0.057835414698422814,0.019747171529904028,0.047881877334224575,0.031830323518405236,0.07718045310483868,0.03003973902076238,0.07283874031104111,0.026697273438696933,0.06473410989589713,0.025748135609900337,0.062432691638457626,0.019181107915060207,0.046509316786589976,0.01412879644182846,0.03425874419956218,0.008666589625348688,0.02101427947382731,0.008319762378639564,0.020173311456815616,0.004353570750223913,0.010556303737596721,0.0034804162086098326,0.008439125660114875
0.32,4.591407483402935,0.13661265342898007,0.03188477419029816,78.0,1139.14,0.12314833333333333,0.8938487039287379,0.02102931894801048,0.006207282666171791,0.789786834703905,0.021927741813458437,0.005484630796554896,0.6734491415668574,0.030299680523768125,0.004676730149769843,0.4842482347586502,0.031213994438756932,0.0033628349636017373,0.3725631747146032,0.025391427432018228,0.002587244268851411,0.2683816035680594,0.01814635168424184,0.0018637611358893014,0.374468704542814,0.027173797277851627,0.0026004771148806526,0.23037634829942522,0.021305930436101343,0.0015998357520793417,0.19247581511410963,0.022278608238714956,0.0013366376049590946,0.16017647854938485,0.018019475389061488,0.0011123366565929504,0.06884016945045379,0.011930881069569518,0.000478056732294818,0.08279227420593475,0.015838818113792116,0.0005749463486523247,0.22050320251644712,0.534664282361025,0.01718247754575366,0.04166314557494723,0.020874468851173108,0.05061528712784824,0.031249905913224255,0.075773087774983,0.03504017114335114,0.0849635186444511,0.031805111511233275,0.07711932038854412,0.02926714397172305,0.07096539347191988,0.019047140085585126,0.04618447881331648,0.015785277455585195,0.038275290092580884,0.006961427264381571,0.01687969367357113,0.01080216582745857,0.026192509560726822,0.0028752923207418382,0.006971853867441831,-0.00038737937376371814,-0.0009392966293058393
0.33,4.890599725326138,0.12844169702696265,0.03396249809254262,78.0,1369.96,0.144865,0.8486859143870241,0.024068910248763068,0.005893652183243223,0.821969298890682,0.021241014022865736,0.005708120131185292,0.7319719307685353,0.027425906718677916,0.0050831384081148285,0.6070976130547507,0.031103386989124453,0.004215955646213547,0.4518819715798807,0.02822105030225852,0.003138069247082505,0.2974281041550965,0.019053340683107087,0.0020654729455215036,0.3944229633168898,0.023078055796144917,0.0027390483563672903,0.22981787597228176,0.018800481240754036,0.0015959574720297344,0.17691202560971522,0.015933890103033768,0.0012285557334008003,0.15884633634026946,0.018399160293605315,0.001103099557918538,0.09795725536215094,0.015223602232777115,0.0006802587177927149,0.07360843588886129,0.012562559849694463,0.0005111696936726479,0.2251248221275205,0.5458705365310336,0.01263064023160831,0.030626095757903725,0.02025555894875353,0.0491145877500303,0.02736060937738793,0.06634253113230999,0.034944904050251496,0.08473252013112592,0.03696654580606619,0.08963448811267087,0.033422789619372964,0.08104177908714345,0.020064843144886553,0.04865215034664684,0.019341097277190182,0.04689725036992303,0.009780384308579249,0.023714948798403558,0.010675135034247057,0.025884492139142574,0.0021277034283068343,0.005159140609252209,-0.0024453890991297973,-0.005929447703518883
0.34,5.331615526226225,0.11318254146572922,0.03702510782101545,78.0,1635.1,0.17114000000000001,0.9208513636395075,0.01233231096710299,0.006394801136385468,0.8674643050424933,0.017392254515274798,0.006024057673906204,0.7817838021233792,0.020788983950975327,0.005429054181412356,0.6216420938593318,0.02522938481339045,0.0043169589851342486,0.512360632855658,0.024179963741274044,0.003558059950386514,0.385063882833094,0.02036861662499555,0.002674054741896486,0.42677969895320816,0.020835140543226778,0.002963747909397279,0.2639829470305757,0.017710226494047427,0.0018332149099345534,0.23053339466892786,0.01643396850518171,0.0016009263518675545,0.18412704002337654,0.014386465011087523,0.0012786600001623372,0.0811852568916487,0.01035524608793721,0.0005637865061920048,0.055841108305023555,0.0074589811775137484,0.00038778547434044136,0.23752334872697622,0.5759338156624904,0.012257766630796314,0.029721971945123063,0.018089073434757047,0.04386141042939666,0.02230251601484353,0.0540779389316677,0.03156867903418334,0.07654603165973614,0.039801903202704936,0.09650950992827378,0.03588317203435289,0.08700758177493348,0.02324410538943975,0.05636105410415461,0.025957087624360744,0.06293934722252349,0.014307487589106674,0.034692024863667945,0.010406111009760657,0.02523217718249623,0.004406741082771485,0.01068522829456466,-0.0007012943201011347,-0.0017004606740474368
0.35000000000000003,5.388379281567496,0.14289518128397294,0.037419300566440945,78.0,1920.68,0.20002333333333336,0.9131960084980438,0.01917375633322054,0.0063416389479030826,0.8531289422904412,0.022193689149188,0.005924506543683619,0.7546761436146728,0.02665791549358688,0.005240806552879672,0.6322219733483757,0.026382726137169,0.004390430370474831,0.5398130584426858,0.025085585370764413,0.0037487017947408735,0.3819304974788533,0.02444137807515389,0.002652295121380926,0.4462013868447721,0.024380823488897654,0.0030986207419775843,0.3166779178590318,0.020009511185968026,0.002199152207354388,0.21749216239849758,0.014510384683520087,0.0015103622388784555,0.17850901312102965,0.01284704425662957,0.0012396459244515949,0.08279924494230187,0.007205705323884203,0.000574994756543763,0.07173293272878958,0.010920036373679283,0.0004981453661721499,0.2652227346449201,0.643097793893391,0.010603277498648638,0.025710255859285845,0.015396179033591485,0.0373318252077679,0.019724123848854812,0.04782599255927513,0.03028580530608639,0.07343538857897813,0.04161258786144676,0.10089996050948974,0.03958869449180287,0.09599253293607309,0.02817676732258847,0.06832150693440225,0.03341966531709051,0.0810342034473402,0.02104025350872252,0.05101727283120107,0.012103443128586676,0.029347776633586935,0.010281463639111092,0.024929938955495574,0.002990473688389901,0.007251139440495218
0.36,6.102794883128997,0.12557740600883668,0.042380520021729144,78.0,2218.12,0.22983333333333333,0.9331463039239083,0.016828436493820008,0.006480182666138252,0.9038776020046808,0.0181735393384298,0.006276927791699172,0.8377670481669885,0.021254768819593737,0.005817826723381865,0.7222082315148358,0.024935143207591985,0.005015334941075249,0.6349706586734125,0.023855510249674118,0.004409518463009809,0.5012388882178825,0.02326452220862268,0.0034808256126241843,0.5254351976928916,0.020729836466672813,0.0036488555395339695,0.368231525850103,0.017148956207821232,0.0025571633739590485,0.2774524470026251,0.014906437039601877,0.0019267531041848966,0.21828972981278183,0.013765877941617424,0.0015159009014776516,0.10612359280220916,0.009087819231319004,0.0007369693944597859,0.07405365746667822,0.00632432230317329,0.0005142615101852654,0.30081728202777513,0.7294055341675949,0.010413873278048127,0.0252509987123246,0.015345950099277651,0.037210032794722736,0.020114406259327627,0.04877232831554612,0.031743184415412726,0.07696916290390113,0.041193031774593415,0.09988264352031398,0.044053379613499026,0.10681826081356988,0.03237258728917759,0.07849530507316217,0.03744763188930591,0.09080099972118166,0.028374590686904955,0.06880117836733134,0.016610333980488688,0.040275842691185,0.01602825429673818,0.038864447242784726,0.007120058445001182,0.017264334011571392
0.37,6.2876868245243385,0.1485505023318048,0.04366449183697457,78.0,2564.16,0.264485,0.9363833370820486,0.011181632604698753,0.006502662063069781,0.9041792990988391,0.0162892106154378,0.006279022910408605,0.821482423921414,0.022425778406660855,0.00570473905500982,0.7304101638525107,0.025645121481803892,0.005072292804531324,0.6737667942437174,0.02204180634389966,0.004678936071136927,0.5105215732247173,0.02455746231375519,0.0035452887029494254,0.5304541685121581,0.02353434744396117,0.0036837095035566533,0.42127165402054734,0.017048199032957335,0.002925497597364912,0.30292098883068946,0.014992848770360646,0.002103617977990899,0.2228726282554631,0.013619479883050024,0.0015477265851073828,0.15318423774099202,0.010573311283917747,0.001063779428756889,0.08023955574124082,0.006248453545235611,0.0005572191370919502,0.33995951433911936,0.8243155096687098,0.010214199064702112,0.0247668394404125,0.015479549459258179,0.037533977323022966,0.021764382007062284,0.05277310059008869,0.034743175570546486,0.08424337978485266,0.03970081957285044,0.09626440779008343,0.04848923219455514,0.11757407710033227,0.03700174558396601,0.08971983863717707,0.040002616077563904,0.09699618769064816,0.036636499743423076,0.0888342102064305,0.02372265378297422,0.05752141245942632,0.02011922938116817,0.048784023161463026,0.01208541190104935,0.029304055484772266
0.38,7.129447853197295,0.09975716905577055,0.04951005453609233,78.0,2956.22,0.3037916666666667,0.9687009307348589,0.007319308491771862,0.0067270897967698536,0.9516092009139052,0.008265865822067682,0.0066083972285687865,0.8937109533361951,0.013421505221296736,0.006206326064834688,0.8214989313858784,0.015709528015609216,0.005704853690179711,0.762171755120118,0.016449881773547285,0.005292859410556375,0.635983615886767,0.02069951092302967,0.004416552888102549,0.6354371056744009,0.013907056300009463,0.004412757678294451,0.5052093595828248,0.012096905928468092,0.003508398330436283,0.39198315495085223,0.012974915677963692,0.0027221052427142517,0.27751976103315223,0.010845808101227773,0.0019272205627302239,0.17500507039740967,0.00801788886687961,0.0012153129888709006,0.11061801418093274,0.00619563531209728,0.0007681806540342552,0.3755360603268366,0.9105796011300937,0.010316603971370235,0.02501514533941583,0.014469661076328934,0.03508525439582046,0.02247533824947511,0.0544969889726685,0.03491274007388801,0.08465453065458317,0.03733166729425487,0.09051981502053032,0.05177330763180727,0.12553712623902635,0.04122842028450729,0.09996845167203693,0.042886375364726476,0.10398857180197513,0.04515719609768301,0.10949473553883143,0.03344601208583761,0.08109808767234891,0.0237944134843546,0.05769541151614351,0.01774432471260313,0.04302548230671303
0.39,7.29350393563022,0.13007847040423987,0.05064933288632097,78.0,3390.88,0.34680000000000005,0.9765397183953185,0.0065802180729998975,0.006781525822189712,0.9493458201043373,0.010891576951400575,0.00659267930628012,0.8958704779711902,0.01757416985628171,0.006221322763688821,0.8337908970408826,0.018721065309288853,0.005790214562783907,0.7520756390463561,0.020751120168488076,0.005222747493377473,0.6802700861379135,0.01839697559023432,0.004724097820402177,0.647700049075213,0.01726599591297937,0.004497917007466757,0.5088201971155614,0.018026326881558134,0.0035334735910802872,0.4186242427860574,0.014713495859454482,0.0029071127971253986,0.31387352082611675,0.012323982017032921,0.0021796772279591443,0.18499999412470203,0.008541403330572487,0.001284722181421542,0.1315932930065713,0.009555544651686917,0.000913842312545634,0.40059356799889895,0.9713376953633953,0.008101627038045456,0.019644388638437833,0.011784562626227981,0.02857457237620288,0.020578875238019333,0.04989854766445847,0.03236828876200071,0.07848488223611487,0.0362503150989473,0.0878978104923171,0.050663284224534304,0.12284560130115488,0.04335166582123344,0.10511678302602379,0.047935613875262524,0.1162316932346629,0.05129078860215733,0.12436714009928272,0.0431503435793356,0.10462862770329284,0.03142646010359648,0.0762011868611455,0.02369174302953855,0.0574464617303017
0.4,8.279810889634145,0.07619901957833407,0.057498686733570455,78.0,3852.1,0.39246500000000006,0.9878067299801355,0.0029895752973148914,0.0068597689581953855,0.9807972735802234,0.004056180993257817,0.00681109217764044,0.9516401046949841,0.00623688116085985,0.0066086118381596115,0.9204659575207965,0.008292471283434574,0.006392124705005531,0.8624785220831884,0.01256673860542095,0.005989434181133253,0.7757361486600725,0.012269818222613811,0.00538705658791717,0.7628638040657058,0.009704481512124174,0.005297665306011845,0.6426105297825296,0.010836782031162848,0.004462573123489789,0.5488258913468794,0.010890406265825329,0.003811290912131107,0.4098291482271529,0.00807342367547768,0.0028460357515774507,0.2605112288963264,0.006073684079119262,0.0018091057562244887,0.1762455507961505,0.006465785162209023,0.0012239274360843785,0.41241431266499906,1.0,0.005567187030607594,0.013499015091481019,0.009273144350939788,0.022485020684702307,0.017969330671432904,0.04357106462992532,0.027630864793248545,0.06699783190039983,0.03499228701171605,0.084847411782578,0.04730494798069213,0.11470248856061785,0.042776221337630344,0.1037214762533645,0.05156357522094894,0.125028578391831,0.05431938842400851,0.13171072573354584,0.05061673482231712,0.12273273081924463,0.041264650606436276,0.10005630100416818,0.029135980415020843,0.07064735514814145
0.41000000000000003,8.756607730017043,0.06823864711181257,0.06080977590289613,78.0,4314.62,0.44147833333333336,0.9909687686969663,0.003184099804753169,0.006881727560395599,0.9840101722268055,0.002953397065715351,0.006833403973797261,0.9607146898855242,0.005716701467786466,0.006671629790871696,0.9338832776748879,0.005611840674891575,0.006485300539408944,0.8958164582849432,0.008746905466200263,0.006220947626978772,0.835403084584526,0.010290169445910389,0.005801410309614763,0.8054930667474633,0.010716331047442386,0.00559370185241294,0.7044376732578616,0.010250300541446048,0.004891928286512927,0.6138132886511972,0.009365454657384987,0.004262592282299981,0.4803490244158916,0.00945033028235063,0.0033357571139992475,0.32714365750111907,0.007015402289615848,0.0022718309548688826,0.22457456808985765,0.006771441675103882,0.0015595456117351225,0.39178990312849554,0.9499910432224582,0.0034057450051451408,0.008258066950046907,0.0061462721059855,0.014903149374881344,0.013175342944473483,0.03194686154157727,0.020157550829101093,0.0488769429432361,0.02944658441215426,0.071400490981683,0.03990985546057513,0.09677126674552051,0.0379675699331351,0.09206171746996535,0.0501710713581818,0.1216521100685838,0.05314920542487333,0.12887332905937726,0.05423835628479594,0.1315142433692725,0.049615769037532696,0.12030564292717745,0.03440658033254208,0.08342722179113672
0.42,9.247612281801356,0.05535705926233739,0.06421952973473163,78.0,4841.34,0.4929383333333333,0.9957580150296582,0.0008168080233830441,0.006914986215483737,0.9912955736879411,0.0013892778663285475,0.0068839970394995904,0.9768486596906518,0.0026138498777324073,0.0067836712478517485,0.9563139963113039,0.005399246004075059,0.006641069418828499,0.9298659640295349,0.005468608556110202,0.0064574025279828815,0.8851631270515848,0.0070495382122402325,0.00614696616008045,0.844179182526043,0.008743456040808844,0.005862355434208631,0.7695882586228706,0.0086966939435362,0.0053443629071032684,0.6714396151374739,0.008855888518970323,0.004662775105121347,0.5571750686803028,0.006848108593850382,0.0038692713102798804,0.4017662821693426,0.006258926157665905,0.0027900436261759903,0.2682185388646485,0.0051977041766744295,0.0018626287421156147,0.3693273826180423,0.8955251340126114,0.0022506635780799402,0.005457287753997366,0.004065275657631244,0.009857261333540175,0.009534511813258725,0.023118770422023482,0.014507274368739219,0.03517645708024533,0.02283667946740528,0.055373149684927,0.032359317612330865,0.07846312947585814,0.033590791541233955,0.08144914109350879,0.04602339655322758,0.11159505172317341,0.05189888008595976,0.12584160755865137,0.0561762902910245,0.13621324131070123,0.05530186593716708,0.13409298426092295,0.04078243571198417,0.09888705231506217
0.43,9.814929362819347,0.025551616936688205,0.06815923168624546,78.0,5377.36,0.5468366666666666,0.9977125557225037,0.0004411710990256103,0.006928559414739609,0.9958377508821903,0.0007475453447798587,0.006915539936681877,0.9912836383873738,0.0007463640514292761,0.0068839141554678735,0.9767872881746513,0.0019027440714184452,0.006783245056768412,0.9578968172913896,0.00309621202681028,0.006652061231190206,0.9280408056613978,0.003654699442054683,0.00644472781709304,0.9061436365357521,0.0033427580763735216,0.0062926641426093895,0.8378067733828519,0.00474271002740471,0.005818102592936472,0.7615885246774675,0.004689008433333609,0.00528880919914908,0.6425967723760718,0.004942560277267805,0.004462477585944943,0.48495423116312,0.004975678347172172,0.0033677377164105554,0.3342805685645769,0.003713033522123028,0.002321392837254006,0.3361426617117419,0.8150606111112054,0.0013468651503540253,0.003265806032896034,0.002283060170849054,0.005535841266264602,0.005921652160622433,0.014358503036320528,0.009720557412018136,0.023569883763743353,0.01582852773243711,0.03838016103309804,0.024094320357960053,0.05842260954103133,0.027706330936821188,0.06718081813840157,0.039254068179512616,0.09518114908732178,0.04863468950458733,0.11792677414688299,0.05558016199674708,0.13476778154858657,0.05831495740077746,0.14139896606388208,0.04745747070905543,0.11507231745277657
0.44,10.30618850357522,0.017900196295710092,0.07157075349705014,78.0,5968.02,0.6063616666666667,0.9987295965148055,0.00024277236400726222,0.0069356221980194825,0.9969401121299079,0.0005425873763941138,0.00692319522312436,0.9939724116332452,0.0007435188500036567,0.0069025861918975365,0.9862937890276261,0.0013278138197842296,0.006849262423802959,0.9790099827003956,0.0016118102698519609,0.006798680435419414,0.9560516735948813,0.0021821028313094067,0.006639247733297787,0.9400385864995096,0.0023205327724153194,0.006528045739579927,0.8937149189716334,0.0032035077897048757,0.006206353603969676,0.8384545481995596,0.003395976416299232,0.005822601029163608,0.7312396119288522,0.0037305296370818424,0.0050780528606170295,0.5786272232273878,0.0037730995458422575,0.0040182446057457485,0.41311604914741606,0.0035634478127270232,0.0028688614524126116,0.29803587027028855,0.7226613168306327,0.0007784203756123517,0.0018874717770638006,0.0014271991424602375,0.0034605955676895728,0.0035368812538825916,0.00857603905894404,0.006647581076878948,0.01611869635154667,0.010882079126328319,0.026386279021232095,0.01695044188914923,0.0411005180194072,0.021337071415563166,0.05173698089594456,0.03188217692502568,0.07730618445078874,0.042298682591086614,0.10256356603570523,0.05166280875095537,0.1252691945076132,0.058325909432056185,0.14142552195911268,0.052306618291289825,0.12683026918558493
0.45,10.697071199603116,0.009907004120807899,0.07428521666391052,78.0,6577.74,0.667795,0.9995436112187361,8.115401562856077e-05,0.0069412750779078896,0.9987769307400004,0.0001384276022153012,0.0069359509079166696,0.9972025132906349,0.00032035590906436364,0.006925017453407187,0.9923557646654169,0.00068162516542208,0.006891359476843172,0.9867787315941932,0.0007983378540062943,0.00685263008051523,0.9731171066261686,0.0009586919254371271,0.006757757684903948,0.9627226613798117,0.0011427448200892311,0.006685574037359803,0.9327996571470316,0.0014017011978695486,0.006477775396854386,0.8890354288562338,0.001861112244748241,0.006173857144834957,0.8026465418457122,0.002538868747536582,0.005573934318373001,0.6665712232299476,0.002960831780688972,0.004628966827985747,0.49552102900923134,0.002719205273052998,0.003441118257008551,0.24411009243707746,0.5919049968456507,0.0003847357435344626,0.0009328864971933707,0.0007698831811896147,0.0018667712481040511,0.0017154563953822556,0.004159546220151936,0.0038512506782853013,0.00933830509760616,0.006443411582836394,0.015623637165256015,0.010879102430677613,0.026379061290034866,0.01424038821879419,0.03452932592657507,0.0229716353524751,0.05570038344215948,0.03230743943284971,0.07833733806201044,0.04360957458435513,0.10574214629592366,0.0538354570084032,0.1305373149164523,0.053101757828294495,0.12875828068418332
0.46,10.994549298482617,0.006661838362107883,0.07635103679501817,78.0,7205.54,0.7314533333333333,0.9996246266634777,6.860105423743983e-05,0.00694183768516304,0.9991515992983073,0.0001050397439022252,0.006938552772904912,0.9979061780029093,0.00024051561064994485,0.006929904013909092,0.9955182462266043,0.0002871283912815425,0.006913321154351419,0.992541376947737,0.0004358683492171219,0.006892648451025951,0.983055795168519,0.0006774851124056379,0.0068267763553369375,0.9748339047364811,0.0007253210908365416,0.006769679894003341,0.9550986885196312,0.001035844110973519,0.006632629781386328,0.9249628967715392,0.0011952458155671203,0.006423353449802356,0.8577428258260976,0.00176569444315644,0.005956547401570122,0.7394579111507312,0.0022677234304845006,0.005135124382991189,0.5746552491705853,0.0022199996046529304,0.003990661452573509,0.1880499376452315,0.455973354634719,0.000187391119932101,0.00045437588894815426,0.00041009816322397206,0.000994383925654616,0.0008016802029760516,0.001943870952963871,0.002070646380549644,0.005020791754702301,0.003445746101384681,0.008355059452516222,0.006483365147260778,0.015720514415141468,0.008589797249794208,0.02082807745998775,0.01497411470386349,0.036308426366440986,0.02217259779675127,0.05376292023783835,0.03361778261811911,0.08151458760216834,0.045821762981225464,0.11110614150398346,0.04947495518015074,0.1199642050743735
0.47000000000000003,11.223539780492858,0.0027961956325662234,0.07794124847564485,78.0,7866.54,0.7975183333333333,0.9997500905727347,4.1321295911757994e-05,0.006942708962310657,0.9994127630630222,8.335944353786025e-05,0.0069403664101598764,0.9984378655551238,0.00016877099342113764,0.006933596288577249,0.9966431263754587,0.00023641835374221625,0.006921132822051796,0.9947652947973624,0.00029833949668949255,0.006908092324981683,0.9888206001878643,0.0004407171366203268,0.006866809723526835,0.9840824637298654,0.0004554833399217253,0.0068339059981240655,0.9698170718326474,0.0005916440637284382,0.0067348407766156075,0.9482547697865,0.0006226116688333692,0.006585102567961806,0.8982139740097855,0.0008701352052944583,0.006237597041734622,0.8003339878835846,0.0011621120911769287,0.005557874915858226,0.6450077726989083,0.0015152974115470103,0.004479220643742419,0.1560883788173439,0.3784746892238273,9.395804235155328e-05,0.00022782439761705035,0.00023144457851490306,0.0005611943412422344,0.0004865052848554923,0.0011796517965434355,0.0011938710258444939,0.002894834124765854,0.0018790776691033472,0.004556286266984403,0.003935618973618814,0.009542876793453302,0.005459192583970941,0.013237155977186952,0.009749237574314073,0.023639425875680756,0.015358627816773147,0.03724077304089308,0.025926734018994667,0.06286574743601285,0.04029938736497492,0.09771578271511104,0.051474723884027525,0.12481313645833636
0.48,11.381003452608583,0.0019678824679315353,0.07903474619867072,78.0,8526.8,0.8640716666666666,0.9998652355042649,2.9572147630374438e-05,0.0069435085798907285,0.999677947045913,4.473044465728441e-05,0.006942207965596618,0.9991373023841317,9.782912288321223e-05,0.006938453488778692,0.9979778230928876,0.00014750579132936098,0.006930401549256164,0.9960794487500259,0.00024443945412872117,0.0069172183940974016,0.99158162985454,0.00029421431203117455,0.006885983540656528,0.9878217542950183,0.00030743504700377137,0.006859873293715405,0.978224910963439,0.0003537660625798061,0.006793228548357216,0.9624992578749146,0.0004802305073655111,0.006684022624131352,0.9232944108448703,0.0006336350696058999,0.006411766741978266,0.8447604385395389,0.0009422424642504131,0.005866391934302353,0.7000832934590413,0.0013346088988726744,0.004861689537910009,0.16795398646541138,0.4072457752014031,6.143715945472163e-05,0.00014896951334622218,0.00014716455757107162,0.0003568366883780104,0.0003615780405501794,0.0008767349469849424,0.00084248228928812,0.0020428056529950304,0.0013775626022102447,0.0033402395598458,0.0029611432599055644,0.007180020598147567,0.004241892077422368,0.010285511310244034,0.007725688090299454,0.018732832137605685,0.01289750757660902,0.03127318131435842,0.024080443447533094,0.05838896155646628,0.043468647623701,0.10540043419640055,0.06978843974086656,0.16921924772663058
0.49,11.48661668673754,0.0015209816979546232,0.07976817143567735,78.0,9192.48,0.9314766666666666,0.9998854968642279,2.0283765894985263e-05,0.006943649283779361,0.9997201607949016,4.865835870008643e-05,0.00694250111663126,0.9992627032177624,7.444884074761956e-05,0.006939324327901128,0.998515650807891,0.0001160703421267432,0.006934136463943687,0.9970984977336811,0.0001468999746675422,0.006924295123150563,0.993622730635688,0.0002338696439316375,0.006900157851636722,0.990505240959292,0.00024025470039753876,0.006878508617772862,0.9828810131521507,0.00034604540685562163,0.00682556259133438,0.969774158358018,0.0003824586705896357,0.006734542766375124,0.9387252356775363,0.0005828940664979873,0.006518925247760669,0.8728623677049085,0.0008359949312261674,0.006061544220172976,0.74376343083148,0.0011091135019191158,0.005165023825218611,0.22569048952022908,0.5472421363405874,6.183386287078286e-05,0.00014993141841081065,0.0001460778280947569,0.0003542016453085972,0.00038166177652504006,0.0009254329076475601,0.0008170235958772813,0.0019810747852025763,0.0014419423234090366,0.003496344038331946,0.003150031720830235,0.007638027158841554,0.004604039173479274,0.011163626072354814,0.008383228907391686,0.020327201675469777,0.01444569500283794,0.03502714275237112,0.028716800222007895,0.06963094960609266,0.05705647242219859,0.13834745950862554,0.10648568268470654,0.25820074477193045
0.5,12.0,0.0,0.08333333333333333,78.0,4096.0,1.0,1.0,0.0,0.006944444444444444,1.0,0.0,0.006944444444444444,1.0,0.0,0.006944444444444444,1.0,0.0,0.006944444444444444,1.0,0.0,0.006944444444444444,1.0,0.0,0.006944444444444444,1.0,0.0,0.006944444444444444,1.0,0.0,0.006944444444444444,1.0,0.0,0.006944444444444444,1.0,0.0,0.006944444444444444,1.0,0.0,0.006944444444444444,1.0,0.0,0.006944444444444444,0.0,0.0,0.0,0.0,0.0,0.0,0.0,0.0,0.0,0.0,0.0,0.0,0.0,0.0,0.0,0.0,0.0,0.0,0.0,0.0,0.0,0.0,0.0,0.0,0.0,0.0
