p,exact_x_error,exact_x_class,exact_x_saved_by_stabilizers,exact_x_class_component_norm,exact_x_class_component_norm_dp,scaled_exact_x_class_component_norm_dp
0.0,0.0,0.0,0.0,0.0,0.0,0.0
0.01,0.03097698304605334,0.000853674247968339,0.030123308798085002,2.0821323121179e-05,0.006166848229629356,0.03209111709382451
0.02,0.12083194581083045,0.0066070926187213885,0.11422485319210907,0.00016114860045661922,0.02361539515718491,0.12289007009528849
0.03,0.2723619488261928,0.021411313206201932,0.25095063561999087,0.0005222271513707789,0.04975216548155836,0.25890090183652587
0.04,0.48879748542814916,0.04807135986395039,0.44072612556419877,0.0011724721918036681,0.08076601969518553,0.4202911598808901
0.05,0.771876603271485,0.08774913332681855,0.6841274699446664,0.002140222764068745,0.112599681248156,0.5859475409660063
0.06,1.12138210074475,0.14002193905040095,0.981360161694349,0.0034151692451317305,0.14167534241527435,0.7372518073190055
0.07,1.535133839786564,0.20317474709629302,1.331959092690271,0.004955481636494952,0.1653123961208189,0.8602545844220897
0.08,2.0092174061434527,0.2746073610088171,1.7346100451346356,0.006697740512410173,0.1818805439243082,0.9464721061433146
0.09,2.538333351647225,0.3512618368649747,2.18707151478225,0.00856736187475548,0.1907578681623488,0.9926680300569357
0.1,3.116190117846198,0.4300052996898174,2.6861848181563808,0.010487934138776033,0.19216682958088982,0.9999999999999999
0.11,3.7358888248404973,0.5079315889934399,3.2279572358470574,0.012388575341303413,0.18695172791905162,0.972861592850274
0.12,4.390267527956244,0.5825682051440921,3.8076993228121516,0.01420898061327054,0.1763459834973901,0.9176712957277564
0.13,5.072187717388658,0.6519915180334905,4.420196199355168,0.015902232147158305,0.1617614451414062,0.8417761040976901
0.14,5.774757109971183,0.7148633753843079,5.0598937345868755,0.017435692082544096,0.14461760880853075,0.752562807660081
0.15,6.49149052907984,0.7704071683150246,5.7210833607648155,0.018790418739390843,0.12621743005554278,0.6568117418121497
0.16,7.216415427386654,0.8183424370360939,6.39807299035056,0.01995957163502668,0.10766859786178173,0.5602871114468806
0.17,7.944131015177231,0.8587955644647955,7.085335450712435,0.020946233279629158,0.08984437733736436,0.46753322377911055
0.18,8.669830655838613,0.8922011436103325,7.77762951222828,0.02176100350269104,0.0733758167463607,0.38183393516139696
0.19,9.389296756079975,0.9192050807445113,8.470091675335464,0.022419636115719788,0.05866657478040637,0.30528980942421974
0.2,10.098876284821873,0.9405770068898711,9.158299277932002,0.02294090260707003,0.04592223581021891,0.2389706689254017
0.21,10.795443660799407,0.9571364782355083,9.838307182563899,0.02334479215208557,0.035187233985683734,0.18310774061489202
0.22,11.476356306104545,0.9696949319636907,10.506661374140855,0.023651095901553433,0.026384019163304972,0.13729746814706648
0.23,12.139406829828385,0.9790134762619722,11.160393353566413,0.0238783774698042,0.01935060674447966,0.1006969141692287
0.24,12.782774667550289,0.985775294931674,11.796999372618615,0.024043299876382294,0.01387400009288916,0.07219768428894802
0.25,13.404979088795145,0.9905706528857579,12.414408435909387,0.0241602598264819,0.00971807993854669,0.0505710582817104
0.26,14.004834788614936,0.9938920947977863,13.01094269381715,0.024241270604824054,0.00664540204384307,0.03458142104095954
0.27,14.581410772114232,0.9961373326535465,13.585273439460686,0.024296032503745037,0.0044329550223411686,0.023068263300223626
0.28,15.133992883834704,0.9976174307824408,14.136375453052263,0.02433213245810831,0.00288234897093621,0.014999201356563607
0.29,15.662050089602001,0.9985681504945525,14.663481939107449,0.024355320743769573,0.0018251807780042552,0.009497897123998561
0.3,16.165204454934063,0.9991626600962604,15.166041794837803,0.024369820977957573,0.001124491068447023,0.005851639801205571
0.31,16.643204657636357,0.9995242108779223,15.643680446758434,0.024378639289705423,0.0006733099511261629,0.0035037782149741035
0.32,17.095902806152523,0.9997377911706948,16.09616501498183,0.024383848565138897,0.0003912877268937014,0.002036187659166196
0.33,17.52323429815598,0.9998601644388643,16.523374133717116,0.02438683327899669,0.00022032207207680295,0.0011465145808843226
0.34,17.92520043757154,0.9999280406621622,16.925272396909378,0.024388488796638103,0.00011993392170462886,0.0006241135474119087
0.35000000000000003,18.301853526618068,0.999964397020932,17.301889129597136,0.0243893755370959,6.29358365530867e-05,0.00032750624387334635
0.36,18.653284157935836,0.9999831415015379,17.6533010164343,0.024389832719549705,3.171692787833791e-05,0.00016504892102092538
0.37,18.979610446922166,0.9999924048459903,17.979618042076176,0.02439005865478025,1.5275096012398805e-05,7.948872365596777e-05
0.38,19.280968963405456,0.9999967687657794,18.280972194639677,0.024390165091848277,6.985200886659613e-06,3.63496702417068e-05
0.39,19.557507142751156,0.9999987144800926,18.557508428271063,0.024390212548294942,3.0074461499049533e-06,1.565018352264074e-05
0.4,19.809376977920476,0.99999952781533,18.809377450105146,0.024390232385739754,1.205482310206736e-06,6.2731029743054885e-06
0.41000000000000003,20.036729814852652,0.9999998425837653,19.036729972268887,0.024390240063018667,4.4309534115811027e-07,2.3057847294691186e-06
0.42,20.239712093171274,0.9999999534684427,19.23971213970283,0.024390242767522993,1.4627449577467513e-07,7.611849354734918e-07
0.43,20.418461892334207,0.9999999881997219,19.418461904134485,0.024390243614627365,4.2108563940590754e-08,2.1912503855336681e-07
0.44,20.57310615993944,0.9999999975541094,19.57310616238533,0.024390243842783155,1.0120995081315092e-08,5.26677528238806e-08
0.45,20.70375851413167,0.9999999996157172,19.703758514515954,0.024390243893066273,1.898182678112652e-09,9.877785267376956e-09
0.46,20.810517526189173,0.9999999999596554,19.810517526229518,0.02439024390145501,2.479508817100595e-10,1.2902897042680729e-09
0.47000000000000003,20.893465402699682,0.999999999997776,19.893465402701906,0.02439024390238478,1.8225601414246756e-11,9.484259824651452e-11
0.48,20.952666999525476,0.9999999999999538,19.952666999525523,0.024390243902437898,4.6691969396575e-13,2.429762175834862e-12
0.49,20.988169112234864,0.9999999999999964,19.988169112234868,0.02439024390243894,9.02563931452128e-16,4.696772764688855e-15
0.5,21.0,1.0,20.0,0.024390243902439025,0.0,0.0
