exact_class_total,exact_class_total_dp,exact_class_total_logical_norm,exact_class_total_logical_norm_dp,exact_class_total_logical_norm_stderr,exact_class_total_norm,exact_class_total_norm_dp,exact_class_total_norm_stderr,exact_class_total_stderr,exact_error_total,exact_error_total_dp,exact_error_total_norm,exact_error_total_norm_dp,exact_error_total_norm_stderr,exact_error_total_stderr,exact_saved_by_stabilizers_total,exact_saved_by_stabilizers_total_dp,exact_saved_by_stabilizers_total_norm,exact_saved_by_stabilizers_total_norm_dp,exact_saved_by_stabilizers_total_norm_stderr,exact_saved_by_stabilizers_total_stderr,exact_stabilizer_total,exact_stabilizer_total_dp,exact_stabilizer_total_norm,exact_stabilizer_total_norm_dp,exact_stabilizer_total_norm_stderr,exact_stabilizer_total_stderr,exact_x_class,exact_x_class_component_norm,exact_x_class_component_norm_dp,exact_x_class_component_norm_stderr,exact_x_class_dp,exact_x_class_logical_norm,exact_x_class_logical_norm_dp,exact_x_class_logical_norm_stderr,exact_x_class_norm,exact_x_class_norm_dp,exact_x_class_norm_stderr,exact_x_class_stderr,exact_x_error,exact_x_error_component_norm,exact_x_error_component_norm_dp,exact_x_error_component_norm_stderr,exact_x_error_dp,exact_x_error_norm,exact_x_error_norm_dp,exact_x_error_norm_stderr,exact_x_error_stderr,exact_x_saved_by_stabilizers,exact_x_saved_by_stabilizers_component_norm,exact_x_saved_by_stabilizers_component_norm_dp,exact_x_saved_by_stabilizers_component_norm_stderr,exact_x_saved_by_stabilizers_dp,exact_x_saved_by_stabilizers_norm,exact_x_saved_by_stabilizers_norm_dp,exact_x_saved_by_stabilizers_norm_stderr,exact_x_saved_by_stabilizers_stderr,exact_x_stabilizer,exact_x_stabilizer_component_norm,exact_x_stabilizer_component_norm_dp,exact_x_stabilizer_component_norm_stderr,exact_x_stabilizer_dp,exact_x_stabilizer_norm,exact_x_stabilizer_norm_dp,exact_x_stabilizer_norm_stderr,exact_x_stabilizer_stderr,exact_z_class,exact_z_class_component_norm,exact_z_class_component_norm_dp,exact_z_class_component_norm_stderr,exact_z_class_dp,exact_z_class_logical_norm,exact_z_class_logical_norm_dp,exact_z_class_logical_norm_stderr,exact_z_class_norm,exact_z_class_norm_dp,exact_z_class_norm_stderr,exact_z_class_stderr,exact_z_error,exact_z_error_component_norm,exact_z_error_component_norm_dp,exact_z_error_component_norm_stderr,exact_z_error_dp,exact_z_error_norm,exact_z_error_norm_dp,exact_z_error_norm_stderr,exact_z_error_stderr,exact_z_saved_by_stabilizers,exact_z_saved_by_stabilizers_component_norm,exact_z_saved_by_stabilizers_component_norm_dp,exact_z_saved_by_stabilizers_component_norm_stderr,exact_z_saved_by_stabilizers_dp,exact_z_saved_by_stabilizers_norm,exact_z_saved_by_stabilizers_norm_dp,exact_z_saved_by_stabilizers_norm_stderr,exact_z_saved_by_stabilizers_stderr,exact_z_stabilizer,exact_z_stabilizer_component_norm,exact_z_stabilizer_component_norm_dp,exact_z_stabilizer_component_norm_stderr,exact_z_stabilizer_dp,exact_z_stabilizer_norm,exact_z_stabilizer_norm_dp,exact_z_stabilizer_norm_stderr,exact_z_stabilizer_stderr,p,runs
0.0,0.0,0.0,0.0,0.0,0.0,0.0,0.0,0.0,0.0,0.064,0.0,0.0008888888888888889,0.0,0.0,0.0,0.064,0.0,0.0008888888888888889,0.0,0.0,0.0,0.064,0.0,0.0008888888888888889,0.0,0.0,0.0,0.0,0.0,0.0,0.0,0.0,0.0,0.0,0.0,0.0,0.0,0.0,0.0,0.0,0.0017777777777777779,0.0,0.064,0.0,0.0008888888888888889,0.0,0.0,0.0,0.0,0.0017777777777777779,0.0,0.064,0.0,0.0008888888888888889,0.0,0.0,0.0,0.0,0.0017777777777777779,0.0,0.064,0.0,0.0008888888888888889,0.0,0.0,0.0,0.0,0.0,0.0,0.0,0.0,0.0,0.0,0.0,0.0,0.0,0.0,0.0,0.0,0.0,0.0,0.0,0.0,0.0,0.0,0.0,0.0,0.0,0.0,0.0,0.0,0.0,0.0,0.0,0.0,0.0,0.0,0.0,0.0,0.0,0.0,0.0,0.0,0.0,0.0,5000
0.0,0.0,0.0,0.0,0.0,0.0,0.0,0.0,0.0,0.0016,0.07599999999999998,2.2222222222222223e-05,0.0010555555555555555,7.85123926658931e-06,0.0005652892271944303,0.0016,0.07599999999999998,2.2222222222222223e-05,0.0010555555555555555,7.85123926658931e-06,0.0005652892271944303,0.0016,0.07599999999999998,2.2222222222222223e-05,0.0010555555555555555,7.85123926658931e-06,0.0005652892271944303,0.0,0.0,0.0,0.0,0.0,0.0,0.0,0.0,0.0,0.0,0.0,0.0,0.0016,4.4444444444444447e-05,0.0019999999999999996,1.570247853317862e-05,0.07199999999999998,2.2222222222222223e-05,0.0009999999999999998,7.85123926658931e-06,0.0005652892271944303,0.0016,4.4444444444444447e-05,0.0019999999999999996,1.570247853317862e-05,0.07199999999999998,2.2222222222222223e-05,0.0009999999999999998,7.85123926658931e-06,0.0005652892271944303,0.0016,4.4444444444444447e-05,0.0019999999999999996,1.570247853317862e-05,0.07199999999999998,2.2222222222222223e-05,0.0009999999999999998,7.85123926658931e-06,0.0005652892271944303,0.0,0.0,0.0,0.0,0.0,0.0,0.0,0.0,0.0,0.0,0.0,0.0,0.0,0.0,0.0001111111111111111,0.0,0.003999999999999999,0.0,5.555555555555555e-05,0.0,0.0,0.0,0.0,0.0001111111111111111,0.0,0.003999999999999999,0.0,5.555555555555555e-05,0.0,0.0,0.0,0.0,0.0001111111111111111,0.0,0.003999999999999999,0.0,5.555555555555555e-05,0.0,0.0,0.025,5000
0.0,0.003999999999999998,0.0,0.0004999999999999998,0.0,0.0,5.555555555555553e-05,0.0,0.0,0.0038,0.24399999999999988,5.277777777777778e-05,0.0033888888888888875,1.2708746622690566e-05,0.0009150297568337207,0.0038,0.23999999999999988,5.277777777777778e-05,0.003333333333333332,1.2708746622690566e-05,0.0009150297568337207,0.0038,0.23999999999999988,5.277777777777778e-05,0.003333333333333332,1.2708746622690566e-05,0.0009150297568337207,0.0,0.0,0.00011111111111111106,0.0,0.003999999999999998,0.0,0.0009999999999999996,0.0,0.0,5.555555555555553e-05,0.0,0.0,0.0036,9.999999999999999e-05,0.006777777777777775,2.3530114509141644e-05,0.24399999999999988,4.9999999999999996e-05,0.0033888888888888875,1.1765057254570822e-05,0.0008470841223290991,0.0036,9.999999999999999e-05,0.006666666666666664,2.3530114509141644e-05,0.23999999999999988,4.9999999999999996e-05,0.003333333333333332,1.1765057254570822e-05,0.0008470841223290991,0.0036,9.999999999999999e-05,0.006666666666666664,2.3530114509141644e-05,0.23999999999999988,4.9999999999999996e-05,0.003333333333333332,1.1765057254570822e-05,0.0008470841223290991,0.0,0.0,0.0,0.0,0.0,0.0,0.0,0.0,0.0,0.0,0.0,0.0,0.0002,5.555555555555556e-06,6.167905692361978e-20,5.555555555555555e-06,2.2204460492503124e-18,2.777777777777778e-06,3.083952846180989e-20,2.7777777777777775e-06,0.00019999999999999998,0.0002,5.555555555555556e-06,6.167905692361978e-20,5.555555555555555e-06,2.2204460492503124e-18,2.777777777777778e-06,3.083952846180989e-20,2.7777777777777775e-06,0.00019999999999999998,0.0002,5.555555555555556e-06,6.167905692361978e-20,5.555555555555555e-06,2.2204460492503124e-18,2.777777777777778e-06,3.083952846180989e-20,2.7777777777777775e-06,0.00019999999999999998,0.05,5000
0.0002,-4.4408920985006255e-18,2.5e-05,-5.551115123125782e-19,2.4999999999999998e-05,2.777777777777778e-06,-6.167905692361981e-20,2.7777777777777775e-06,0.00019999999999999998,0.0138,0.2919999999999999,0.00019166666666666667,0.004055555555555554,2.325081512617189e-05,0.001674058689084376,0.0136,0.2919999999999999,0.00018888888888888888,0.004055555555555554,2.2752122700377438e-05,0.0016381528344271755,0.0136,0.2919999999999999,0.00018888888888888888,0.004055555555555554,2.2752122700377438e-05,0.0016381528344271755,0.0002,5.555555555555556e-06,-1.2335811384723962e-19,5.555555555555555e-06,-4.4408920985006255e-18,5e-05,-1.1102230246251564e-18,4.9999999999999996e-05,2.777777777777778e-06,-6.167905692361981e-20,2.7777777777777775e-06,0.00019999999999999998,0.0138,0.00038333333333333334,0.00822222222222222,4.650163025234378e-05,0.29599999999999993,0.00019166666666666667,0.00411111111111111,2.325081512617189e-05,0.001674058689084376,0.0136,0.00037777777777777777,0.00822222222222222,4.5504245400754876e-05,0.29599999999999993,0.00018888888888888888,0.00411111111111111,2.2752122700377438e-05,0.0016381528344271755,0.0136,0.00037777777777777777,0.00822222222222222,4.5504245400754876e-05,0.29599999999999993,0.00018888888888888888,0.00411111111111111,2.2752122700377438e-05,0.0016381528344271755,0.0,0.0,0.0,0.0,0.0,0.0,0.0,0.0,0.0,0.0,0.0,0.0,0.0,0.0,-0.00011111111111111106,0.0,-0.003999999999999998,0.0,-5.555555555555553e-05,0.0,0.0,0.0,0.0,-0.00011111111111111106,0.0,-0.003999999999999998,0.0,-5.555555555555553e-05,0.0,0.0,0.0,0.0,-0.00011111111111111106,0.0,-0.003999999999999998,0.0,-5.555555555555553e-05,0.0,0.0,0.07500000000000001,5000
0.0,0.016000000000000007,0.0,0.002000000000000001,0.0,0.0,0.00022222222222222231,0.0,0.0,0.0184,0.4080000000000002,0.00025555555555555553,0.005666666666666669,2.6399890258407252e-05,0.0019007920986053221,0.0184,0.3920000000000002,0.00025555555555555553,0.005444444444444446,2.6399890258407252e-05,0.0019007920986053221,0.0184,0.3920000000000002,0.00025555555555555553,0.005444444444444446,2.6399890258407252e-05,0.0019007920986053221,0.0,0.0,0.00022222222222222223,0.0,0.008000000000000002,0.0,0.0020000000000000005,0.0,0.0,0.00011111111111111112,0.0,0.0,0.0184,0.0005111111111111111,0.011000000000000003,5.2799780516814504e-05,0.3960000000000001,0.00025555555555555553,0.005500000000000001,2.6399890258407252e-05,0.0019007920986053221,0.0184,0.0005111111111111111,0.010777777777777782,5.2799780516814504e-05,0.3880000000000002,0.00025555555555555553,0.005388888888888891,2.6399890258407252e-05,0.0019007920986053221,0.0184,0.0005111111111111111,0.010777777777777782,5.2799780516814504e-05,0.3880000000000002,0.00025555555555555553,0.005388888888888891,2.6399890258407252e-05,0.0019007920986053221,0.0,0.0,0.00022222222222222231,0.0,0.008000000000000004,0.0,0.002000000000000001,0.0,0.0,0.00011111111111111116,0.0,0.0,0.0,0.0,0.0003333333333333334,0.0,0.012000000000000004,0.0,0.0001666666666666667,0.0,0.0,0.0,0.0,0.00011111111111111116,0.0,0.004000000000000002,0.0,5.555555555555558e-05,0.0,0.0,0.0,0.0,0.00011111111111111116,0.0,0.004000000000000002,0.0,5.555555555555558e-05,0.0,0.0,0.1,5000
0.001,0.10799999999999989,0.000125,0.013499999999999986,5.587932980897301e-05,1.388888888888889e-05,0.0014999999999999987,6.208814423219223e-06,0.0004470346384717841,0.0342,0.6639999999999997,0.000475,0.009222222222222218,3.591670287093318e-05,0.0025860026067071893,0.0332,0.5559999999999998,0.00046111111111111114,0.0077222222222222215,3.5412178829043485e-05,0.002549676875691131,0.0332,0.5559999999999998,0.00046111111111111114,0.0077222222222222215,3.5412178829043485e-05,0.002549676875691131,0.0006,1.6666666666666664e-05,0.001444444444444443,9.620579408053675e-06,0.05199999999999995,0.00015,0.012999999999999987,8.658521467248308e-05,8.333333333333332e-06,0.0007222222222222215,4.810289704026838e-06,0.0003463408586899323,0.0336,0.0009333333333333333,0.016777777777777773,7.122995226198414e-05,0.6039999999999998,0.00046666666666666666,0.008388888888888887,3.561497613099207e-05,0.002564278281431429,0.033,0.0009166666666666668,0.015333333333333334,7.062055568087593e-05,0.5519999999999998,0.0004583333333333334,0.007666666666666667,3.5310277840437966e-05,0.0025423400045115336,0.033,0.0009166666666666668,0.015333333333333334,7.062055568087593e-05,0.5519999999999998,0.0004583333333333334,0.007666666666666667,3.5310277840437966e-05,0.0025423400045115336,0.0004,1.1111111111111112e-05,0.001555555555555554,7.85595614251291e-06,0.05599999999999994,0.0001,0.013999999999999985,7.07036052826162e-05,5.555555555555556e-06,0.000777777777777777,3.927978071256455e-06,0.0002828144211304648,0.0006,1.6666666666666664e-05,0.0016666666666666648,9.620579408053675e-06,0.05999999999999994,8.333333333333332e-06,0.0008333333333333324,4.810289704026838e-06,0.0003463408586899323,0.0002,5.555555555555556e-06,0.0001111111111111112,5.555555555555555e-06,0.0040000000000000036,2.777777777777778e-06,5.55555555555556e-05,2.7777777777777775e-06,0.00019999999999999998,0.0002,5.555555555555556e-06,0.0001111111111111112,5.555555555555555e-06,0.0040000000000000036,2.777777777777778e-06,5.55555555555556e-05,2.7777777777777775e-06,0.00019999999999999998,0.125,5000
0.0054,0.21199999999999994,0.000675,0.026499999999999992,0.0001343036950217651,7.500000000000001e-05,0.0029444444444444435,1.4922632780196123e-05,0.0010744295601741209,0.0516,0.9119999999999996,0.0007166666666666667,0.012666666666666665,4.450850831665363e-05,0.0032046125987990615,0.0462,0.7,0.0006416666666666667,0.009722222222222217,4.160854043154383e-05,0.0029958149110711554,0.0462,0.7,0.0006416666666666667,0.009722222222222217,4.160854043154383e-05,0.0029958149110711554,0.0026,7.222222222222222e-05,0.002555555555555555,2.000678415705914e-05,0.09199999999999997,0.00065,0.022999999999999993,0.00018006105741353226,3.611111111111111e-05,0.0012777777777777774,1.000339207852957e-05,0.000720244229654129,0.0486,0.0013499999999999999,0.02144444444444444,8.484496525243831e-05,0.7719999999999999,0.0006749999999999999,0.01072222222222222,4.2422482626219156e-05,0.0030544187490877794,0.046,0.0012777777777777779,0.018888888888888882,8.267598007172406e-05,0.6799999999999998,0.0006388888888888889,0.009444444444444441,4.133799003586203e-05,0.002976335282582066,0.046,0.0012777777777777779,0.018888888888888882,8.267598007172406e-05,0.6799999999999998,0.0006388888888888889,0.009444444444444441,4.133799003586203e-05,0.002976335282582066,0.0028,7.777777777777778e-05,0.003333333333333333,2.075993940033713e-05,0.11999999999999997,0.0007,0.029999999999999992,0.00018683945460303418,3.888888888888889e-05,0.0016666666666666666,1.0379969700168565e-05,0.0007473578184121367,0.003,8.333333333333333e-05,0.0038888888888888888,2.148642379167704e-05,0.13999999999999999,4.1666666666666665e-05,0.0019444444444444444,1.074321189583852e-05,0.0007735112565003735,0.0002,5.555555555555556e-06,0.0005555555555555559,5.555555555555555e-06,0.02000000000000001,2.777777777777778e-06,0.00027777777777777794,2.7777777777777775e-06,0.00019999999999999998,0.0002,5.555555555555556e-06,0.0005555555555555559,5.555555555555555e-06,0.02000000000000001,2.777777777777778e-06,0.00027777777777777794,2.7777777777777775e-06,0.00019999999999999998,0.15000000000000002,5000
0.0116,0.4320000000000001,0.00145,0.05400000000000001,0.0001925796390677807,0.0001611111111111111,0.006000000000000003,2.1397737674197854e-05,0.0015406371125422456,0.0798,1.2720000000000002,0.0011083333333333333,0.01766666666666667,5.619367195668759e-05,0.004045944380881506,0.0682,0.8400000000000004,0.0009472222222222221,0.011666666666666669,5.090318229280216e-05,0.0036650291250817555,0.0682,0.8400000000000004,0.0009472222222222221,0.011666666666666669,5.090318229280216e-05,0.0036650291250817555,0.0052,0.00014444444444444444,0.0065555555555555575,2.8256963522179718e-05,0.23600000000000007,0.0013,0.05900000000000002,0.00025431267169961745,7.222222222222222e-05,0.0032777777777777788,1.4128481761089859e-05,0.0010172506867984698,0.0722,0.0020055555555555556,0.029444444444444457,0.00010408418974831365,1.06,0.0010027777777777778,0.014722222222222229,5.2042094874156824e-05,0.0037470308309392915,0.067,0.0018611111111111111,0.022888888888888896,9.947689163770725e-05,0.8240000000000004,0.0009305555555555556,0.011444444444444448,4.9738445818853626e-05,0.003581168098957461,0.067,0.0018611111111111111,0.022888888888888896,9.947689163770725e-05,0.8240000000000004,0.0009305555555555556,0.011444444444444448,4.9738445818853626e-05,0.003581168098957461,0.0064,0.00017777777777777779,0.005444444444444446,3.132937342592707e-05,0.1960000000000001,0.0016,0.04900000000000002,0.00028196436083334367,8.888888888888889e-05,0.002722222222222223,1.5664686712963537e-05,0.0011278574433333747,0.0076,0.0002111111111111111,0.005888888888888891,3.411977077410488e-05,0.21200000000000005,0.00010555555555555555,0.0029444444444444457,1.705988538705244e-05,0.0012283117478677755,0.0012,3.333333333333333e-05,0.00044444444444444463,1.360146914695446e-05,0.016000000000000007,1.6666666666666664e-05,0.00022222222222222231,6.80073457347723e-06,0.0004896528892903606,0.0012,3.333333333333333e-05,0.00044444444444444463,1.360146914695446e-05,0.016000000000000007,1.6666666666666664e-05,0.00022222222222222231,6.80073457347723e-06,0.0004896528892903606,0.17500000000000002,5000
0.027,0.9240000000000003,0.003375,0.11550000000000003,0.0003096224284667406,0.000375,0.012833333333333335,3.4402492051860066e-05,0.002476979427733925,0.1152,1.9560000000000008,0.0015999999999999999,0.02716666666666668,6.802804165768147e-05,0.004898018999353066,0.0882,1.0320000000000005,0.001225,0.014333333333333347,5.6940232741775864e-05,0.004099696757407862,0.0882,1.0320000000000005,0.001225,0.014333333333333347,5.6940232741775864e-05,0.004099696757407862,0.0144,0.00039999999999999996,0.01355555555555556,4.937229311197286e-05,0.48800000000000016,0.0036,0.12200000000000004,0.0004443506380077557,0.00019999999999999998,0.00677777777777778,2.468614655598643e-05,0.0017774025520310229,0.1016,0.002822222222222222,0.0397777777777778,0.00012328899317309985,1.4320000000000006,0.001411111111111111,0.0198888888888889,6.164449658654992e-05,0.004438403754231594,0.0872,0.0024222222222222223,0.026222222222222237,0.0001122253042044474,0.9440000000000002,0.0012111111111111112,0.013111111111111119,5.61126521022237e-05,0.0040401109513601065,0.0872,0.0024222222222222223,0.026222222222222237,0.0001122253042044474,0.9440000000000002,0.0012111111111111112,0.013111111111111119,5.61126521022237e-05,0.0040401109513601065,0.0126,0.00035,0.012111111111111116,4.4520436356316695e-05,0.4360000000000001,0.00315,0.10900000000000003,0.00040068392720685024,0.000175,0.006055555555555558,2.2260218178158347e-05,0.001602735708827401,0.0136,0.00037777777777777777,0.014555555555555558,4.617766876643397e-05,0.5240000000000001,0.00018888888888888888,0.007277777777777779,2.3088834383216985e-05,0.001662396075591623,0.001,2.777777777777778e-05,0.0024444444444444453,1.2417628846438446e-05,0.08800000000000004,1.388888888888889e-05,0.0012222222222222226,6.208814423219223e-06,0.0004470346384717841,0.001,2.777777777777778e-05,0.0024444444444444453,1.2417628846438446e-05,0.08800000000000004,1.388888888888889e-05,0.0012222222222222226,6.208814423219223e-06,0.0004470346384717841,0.2,5000
0.0578,1.4920000000000004,0.007225,0.18650000000000005,0.0005281956769367077,0.0008027777777777777,0.02072222222222223,5.868840854852308e-05,0.004225565415493662,0.1776,3.052000000000001,0.002466666666666667,0.0423888888888889,9.479201179509674e-05,0.006825024849246965,0.1198,1.56,0.001663888888888889,0.021666666666666674,6.754959721155892e-05,0.004863570999232242,0.1198,1.56,0.001663888888888889,0.021666666666666674,6.754959721155892e-05,0.004863570999232242,0.0296,0.0008222222222222222,0.023222222222222234,7.320989838672757e-05,0.8360000000000003,0.0074,0.20900000000000007,0.0006588890854805482,0.0004111111111111111,0.011611111111111117,3.6604949193363785e-05,0.0026355563419221927,0.1438,0.0039944444444444446,0.0626666666666667,0.0001511025070212057,2.2560000000000016,0.0019972222222222223,0.03133333333333335,7.555125351060285e-05,0.0054396902527634045,0.1142,0.003172222222222222,0.039444444444444456,0.00012884809937372554,1.4200000000000008,0.001586111111111111,0.019722222222222228,6.442404968686277e-05,0.00463853157745412,0.1142,0.003172222222222222,0.039444444444444456,0.00012884809937372554,1.4200000000000008,0.001586111111111111,0.019722222222222228,6.442404968686277e-05,0.00463853157745412,0.0282,0.0007833333333333334,0.018222222222222233,7.094085766671698e-05,0.6560000000000002,0.00705,0.16400000000000006,0.0006384677190004528,0.0003916666666666667,0.009111111111111117,3.547042883335849e-05,0.002553870876001811,0.0338,0.0009388888888888888,0.022111111111111123,7.9994071125436e-05,0.7960000000000005,0.0004694444444444444,0.011055555555555562,3.9997035562718e-05,0.002879786560515696,0.0056,0.00015555555555555556,0.0038888888888888905,2.9317740886321607e-05,0.14000000000000004,7.777777777777778e-05,0.0019444444444444453,1.4658870443160803e-05,0.0010554386719075779,0.0056,0.00015555555555555556,0.0038888888888888905,2.9317740886321607e-05,0.14000000000000004,7.777777777777778e-05,0.0019444444444444453,1.4658870443160803e-05,0.0010554386719075779,0.225,5000
0.1016,2.4479999999999986,0.0127,0.3059999999999998,0.0006867214262446256,0.001411111111111111,0.03399999999999998,7.630238069384728e-05,0.005493771409957005,0.2678,3.8279999999999985,0.003719444444444444,0.05316666666666665,0.00011898434500431469,0.008566872840310658,0.1662,1.3800000000000003,0.0023083333333333332,0.019166666666666665,8.141588535593042e-05,0.00586194374562699,0.1662,1.3800000000000003,0.0023083333333333332,0.019166666666666665,8.141588535593042e-05,0.00586194374562699,0.0562,0.0015611111111111112,0.041777777777777754,0.00010050386250346364,1.5039999999999991,0.01405,0.3759999999999998,0.0009045347625311728,0.0007805555555555556,0.020888888888888877,5.025193125173182e-05,0.003618139050124691,0.2144,0.005955555555555556,0.0773333333333333,0.00018777380652734157,2.7839999999999985,0.002977777777777778,0.03866666666666665,9.388690326367078e-05,0.006759857034984296,0.1582,0.004394444444444445,0.03555555555555556,0.0001529559973721782,1.2800000000000002,0.0021972222222222224,0.01777777777777778,7.64779986860891e-05,0.005506415905398415,0.1582,0.004394444444444445,0.03555555555555556,0.0001529559973721782,1.2800000000000002,0.0021972222222222224,0.01777777777777778,7.64779986860891e-05,0.005506415905398415,0.0454,0.0012611111111111113,0.026222222222222206,8.65566874390601e-05,0.9439999999999994,0.01135,0.23599999999999985,0.000779010186951541,0.0006305555555555556,0.013111111111111103,4.327834371953005e-05,0.003116040747806164,0.0534,0.0014833333333333335,0.02899999999999998,9.731004933197828e-05,1.0439999999999992,0.0007416666666666667,0.01449999999999999,4.865502466598914e-05,0.003503161775951218,0.008,0.00022222222222222223,0.0027777777777777775,3.587028141099705e-05,0.09999999999999998,0.00011111111111111112,0.0013888888888888887,1.7935140705498526e-05,0.001291330130795894,0.008,0.00022222222222222223,0.0027777777777777775,3.587028141099705e-05,0.09999999999999998,0.00011111111111111112,0.0013888888888888887,1.7935140705498526e-05,0.001291330130795894,0.25,5000
0.1802,4.279999999999996,0.022525,0.5349999999999995,0.000982009543512032,0.002502777777777778,0.059444444444444376,0.0001091121715013369,0.007856076348096257,0.369,5.891999999999996,0.005125,0.08183333333333329,0.00014857261062633045,0.010697227965095792,0.1888,1.6119999999999988,0.002622222222222222,0.022388888888888868,8.775194743358428e-05,0.006318140215218069,0.1888,1.6119999999999988,0.002622222222222222,0.022388888888888868,8.775194743358428e-05,0.006318140215218069,0.1048,0.0029111111111111113,0.06577777777777773,0.0001426400809566834,2.3679999999999977,0.0262,0.5919999999999994,0.0012837607286101504,0.0014555555555555556,0.03288888888888886,7.13200404783417e-05,0.005135042914440602,0.283,0.00786111111111111,0.10499999999999989,0.00022654732544009153,3.779999999999996,0.003930555555555555,0.05249999999999994,0.00011327366272004576,0.008155703715843295,0.1782,0.0049499999999999995,0.03922222222222216,0.00016446687908301628,1.4119999999999986,0.0024749999999999998,0.01961111111111108,8.223343954150814e-05,0.005920807646988586,0.1782,0.0049499999999999995,0.03922222222222216,0.00016446687908301628,1.4119999999999986,0.0024749999999999998,0.01961111111111108,8.223343954150814e-05,0.005920807646988586,0.0754,0.0020944444444444443,0.05311111111111105,0.00011609137688578104,1.911999999999998,0.01885,0.4779999999999995,0.0010448223919720294,0.0010472222222222222,0.026555555555555527,5.804568844289052e-05,0.004179289567888118,0.086,0.0023888888888888887,0.05866666666666662,0.0001251075369882287,2.111999999999998,0.0011944444444444444,0.02933333333333331,6.255376849411436e-05,0.004503871331576234,0.0106,0.00029444444444444445,0.0055555555555555506,4.0234148683761464e-05,0.1999999999999998,0.00014722222222222223,0.0027777777777777753,2.0117074341880732e-05,0.0014484293526154128,0.0106,0.00029444444444444445,0.0055555555555555506,4.0234148683761464e-05,0.1999999999999998,0.00014722222222222223,0.0027777777777777753,2.0117074341880732e-05,0.0014484293526154128,0.275,5000
0.3156,6.476000000000004,0.03945,0.8095000000000006,0.0013992430368650198,0.004383333333333333,0.08994444444444451,0.00015547144854055777,0.011193944294920159,0.5624,9.388000000000009,0.0078111111111111116,0.130388888888889,0.00020271300942921921,0.014595336678903783,0.2468,2.912000000000002,0.003427777777777778,0.040444444444444484,9.851130865349194e-05,0.0070928142230514205,0.2468,2.912000000000002,0.003427777777777778,0.040444444444444484,9.851130865349194e-05,0.0070928142230514205,0.1746,0.00485,0.0994444444444445,0.00018862765930941595,3.580000000000003,0.04365,0.8950000000000008,0.0016976489337847435,0.002425,0.04972222222222225,9.431382965470797e-05,0.006790595735138974,0.4034,0.011205555555555555,0.16511111111111126,0.00027821320143976393,5.944000000000006,0.005602777777777778,0.08255555555555563,0.00013910660071988197,0.010015675251831502,0.2288,0.006355555555555555,0.06566666666666675,0.00018125639138485261,2.364000000000002,0.0031777777777777776,0.032833333333333374,9.062819569242631e-05,0.006525230089854694,0.2288,0.006355555555555555,0.06566666666666675,0.00018125639138485261,2.364000000000002,0.0031777777777777776,0.032833333333333374,9.062819569242631e-05,0.006525230089854694,0.141,0.003916666666666666,0.0804444444444445,0.00016812125948210586,2.8960000000000026,0.03525,0.7240000000000006,0.0015130913353389528,0.001958333333333333,0.04022222222222225,8.406062974105293e-05,0.006052365341355811,0.159,0.004416666666666667,0.09566666666666672,0.00018196539844669274,3.4440000000000017,0.0022083333333333334,0.04783333333333336,9.098269922334637e-05,0.006550754344080939,0.018,0.0005,0.01522222222222224,5.2233355650065895e-05,0.5480000000000007,0.00025,0.00761111111111112,2.6116677825032948e-05,0.0018804008034023721,0.018,0.0005,0.01522222222222224,5.2233355650065895e-05,0.5480000000000007,0.00025,0.00761111111111112,2.6116677825032948e-05,0.0018804008034023721,0.30000000000000004,5000
0.504,8.491999999999997,0.063,1.0614999999999997,0.0018849829262161566,0.007,0.11794444444444441,0.00020944254735735075,0.015079863409729253,0.8384,11.995999999999997,0.011644444444444445,0.16661111111111104,0.0002726945260904175,0.01963400587851006,0.3344,3.5039999999999987,0.004644444444444444,0.048666666666666664,0.00012137538232163794,0.008739027527157932,0.3344,3.5039999999999987,0.004644444444444444,0.048666666666666664,0.00012137538232163794,0.008739027527157932,0.2838,0.007883333333333332,0.13011111111111112,0.000252194072094547,4.683999999999999,0.07095,1.1709999999999998,0.0022697466488509226,0.003941666666666666,0.06505555555555556,0.0001260970360472735,0.00907898659540369,0.5802,0.016116666666666668,0.20855555555555552,0.000360241719952961,7.508000000000001,0.008058333333333334,0.10427777777777776,0.0001801208599764805,0.012968701918306595,0.2964,0.008233333333333334,0.07844444444444443,0.0002117698643998553,2.824,0.004116666666666667,0.039222222222222214,0.00010588493219992765,0.00762371511839479,0.2964,0.008233333333333334,0.07844444444444443,0.0002117698643998553,2.824,0.004116666666666667,0.039222222222222214,0.00010588493219992765,0.00762371511839479,0.2202,0.006116666666666667,0.10577777777777775,0.0002152274114554241,3.8079999999999976,0.05505,0.9519999999999994,0.001937046703098817,0.0030583333333333335,0.052888888888888874,0.00010761370572771206,0.007748186812395268,0.2582,0.007172222222222222,0.12466666666666663,0.00024280039363017952,4.4879999999999995,0.003586111111111111,0.06233333333333332,0.00012140019681508976,0.008740814170686463,0.038,0.0010555555555555555,0.018888888888888893,7.794018042363225e-05,0.6800000000000004,0.0005277777777777777,0.009444444444444446,3.897009021181613e-05,0.0028058464952507613,0.038,0.0010555555555555555,0.018888888888888893,7.794018042363225e-05,0.6800000000000004,0.0005277777777777777,0.009444444444444446,3.897009021181613e-05,0.0028058464952507613,0.325,5000
0.7402,12.02800000000001,0.092525,1.5035000000000012,0.0022791421133300464,0.010280555555555555,0.16705555555555568,0.00025323801259222737,0.01823313690664037,1.1622,16.184000000000015,0.016141666666666665,0.22477777777777794,0.0003358054013259536,0.02417798889546866,0.422,4.156000000000005,0.005861111111111111,0.057722222222222286,0.00014412674526704305,0.0103771256592271,0.422,4.156000000000005,0.005861111111111111,0.057722222222222286,0.00014412674526704305,0.0103771256592271,0.4088,0.011355555555555556,0.1841111111111113,0.00029933018840011137,6.628000000000006,0.1022,1.6570000000000016,0.0026939716956010024,0.005677777777777778,0.09205555555555565,0.00014966509420005569,0.01077588678240401,0.7788,0.021633333333333334,0.27544444444444466,0.00042428295734914614,9.916000000000011,0.010816666666666667,0.13772222222222233,0.00021214147867457307,0.015274186464569262,0.37,0.010277777777777778,0.09133333333333338,0.00024087520302419185,3.288000000000002,0.005138888888888889,0.04566666666666669,0.00012043760151209592,0.008671507308870906,0.37,0.010277777777777778,0.09133333333333338,0.00024087520302419185,3.288000000000002,0.005138888888888889,0.04566666666666669,0.00012043760151209592,0.008671507308870906,0.3314,0.009205555555555555,0.15000000000000013,0.0002622502258571351,5.400000000000005,0.08285,1.3500000000000012,0.0023602520327142156,0.004602777777777778,0.07500000000000007,0.00013112511292856754,0.009441008130856863,0.3834,0.01065,0.1741111111111113,0.00030513230914389956,6.268000000000006,0.005325,0.08705555555555565,0.00015256615457194978,0.010984763129180385,0.052,0.0014444444444444444,0.024111111111111146,9.726845063820628e-05,0.8680000000000011,0.0007222222222222222,0.012055555555555573,4.863422531910314e-05,0.003501664222975426,0.052,0.0014444444444444444,0.024111111111111146,9.726845063820628e-05,0.8680000000000011,0.0007222222222222222,0.012055555555555573,4.863422531910314e-05,0.003501664222975426,0.35000000000000003,5000
1.1054,15.100000000000001,0.138175,1.8875000000000002,0.0028616073515293577,0.015352777777777778,0.20972222222222225,0.00031795637239215085,0.02289285881223486,1.6476,20.619999999999994,0.022883333333333332,0.28638888888888897,0.00042055276245867425,0.030279798897024545,0.5422,5.519999999999996,0.007530555555555556,0.07666666666666659,0.00017073396772053327,0.012292845675878395,0.5422,5.519999999999996,0.007530555555555556,0.07666666666666659,0.00017073396772053327,0.012292845675878395,0.6152,0.01708888888888889,0.22744444444444445,0.0003665199749942314,8.188,0.1538,2.047,0.0032986797749480824,0.008544444444444445,0.11372222222222222,0.0001832599874971157,0.01319471909979233,1.076,0.029888888888888892,0.33777777777777773,0.0005153460113011462,12.159999999999997,0.014944444444444446,0.16888888888888887,0.0002576730056505731,0.018552456406841264,0.4608,0.012799999999999999,0.11033333333333328,0.0002742444255841051,3.9719999999999978,0.0063999999999999994,0.05516666666666664,0.00013712221279205255,0.009872799321027784,0.4608,0.012799999999999999,0.11033333333333328,0.0002742444255841051,3.9719999999999978,0.0063999999999999994,0.05516666666666664,0.00013712221279205255,0.009872799321027784,0.4902,0.013616666666666668,0.192,0.0003253775509363553,6.912,0.12255,1.728,0.002928397958427198,0.006808333333333334,0.096,0.00016268877546817765,0.011713591833708792,0.5716,0.01587777777777778,0.23499999999999996,0.0003814086084556643,8.459999999999996,0.00793888888888889,0.11749999999999998,0.00019070430422783214,0.013730709904403915,0.0814,0.0022611111111111113,0.04299999999999997,0.00012069303386448234,1.5479999999999992,0.0011305555555555557,0.021499999999999984,6.034651693224117e-05,0.004344949219121364,0.0814,0.0022611111111111113,0.04299999999999997,0.00012069303386448234,1.5479999999999992,0.0011305555555555557,0.021499999999999984,6.034651693224117e-05,0.004344949219121364,0.375,5000
1.4952,18.523999999999983,0.1869,2.315499999999998,0.0033333016935219056,0.02076666666666667,0.2572777777777775,0.0003703668548357673,0.026666413548175245,2.1932,26.21599999999998,0.030461111111111112,0.36411111111111083,0.0005090696399127439,0.03665301407371756,0.698,7.691999999999993,0.009694444444444443,0.10683333333333322,0.0002066615706025572,0.014879633083384119,0.698,7.691999999999993,0.009694444444444443,0.10683333333333322,0.0002066615706025572,0.014879633083384119,0.8182,0.022727777777777777,0.2762222222222219,0.00041376221665728746,9.943999999999992,0.20455,2.485999999999998,0.003723859949915587,0.011363888888888889,0.13811111111111096,0.00020688110832864373,0.014895439799662348,1.3868,0.03852222222222222,0.42344444444444407,0.0006040065013388687,15.243999999999986,0.01926111111111111,0.21172222222222203,0.00030200325066943434,0.021744234048199272,0.5686,0.015794444444444444,0.14722222222222214,0.0003154026831855359,5.299999999999995,0.007897222222222222,0.07361111111111107,0.00015770134159276796,0.011354496594679294,0.5686,0.015794444444444444,0.14722222222222214,0.0003154026831855359,5.299999999999995,0.007897222222222222,0.07361111111111107,0.00015770134159276796,0.011354496594679294,0.677,0.018805555555555558,0.23833333333333317,0.00038282190766952476,8.579999999999991,0.16925,2.144999999999998,0.003445397169025723,0.009402777777777779,0.11916666666666659,0.00019141095383476238,0.013781588676102892,0.8064,0.0224,0.30477777777777754,0.00046580612456946215,10.971999999999992,0.0112,0.15238888888888877,0.00023290306228473107,0.016769020484500637,0.1294,0.003594444444444444,0.06644444444444439,0.0001594205255556762,2.3919999999999986,0.001797222222222222,0.033222222222222195,7.97102627778381e-05,0.005739138920004343,0.1294,0.003594444444444444,0.06644444444444439,0.0001594205255556762,2.3919999999999986,0.001797222222222222,0.033222222222222195,7.97102627778381e-05,0.005739138920004343,0.4,5000
2.0316,22.996000000000013,0.25395,2.8745000000000016,0.0037770335842482665,0.028216666666666668,0.31938888888888894,0.0004196703982498074,0.030216268673986132,2.9584,33.43600000000003,0.04108888888888889,0.4643888888888891,0.0006011737165936815,0.04328450759474507,0.9268,10.440000000000008,0.012872222222222222,0.1450000000000001,0.0002553576978601786,0.01838575424593286,0.9268,10.440000000000008,0.012872222222222222,0.1450000000000001,0.0002553576978601786,0.01838575424593286,1.1124,0.0309,0.34466666666666695,0.00046825958462470764,12.408000000000008,0.2781,3.102000000000002,0.004214336261622369,0.01545,0.17233333333333348,0.00023412979231235382,0.016857345046489475,1.8382,0.05106111111111111,0.5391111111111115,0.0006965356878808606,19.408000000000015,0.025530555555555556,0.26955555555555577,0.0003482678439404303,0.025075284763710983,0.7258,0.020161111111111112,0.19444444444444464,0.00036523019069990175,7.000000000000007,0.010080555555555556,0.09722222222222232,0.00018261509534995087,0.013148286865196463,0.7258,0.020161111111111112,0.19444444444444464,0.00036523019069990175,7.000000000000007,0.010080555555555556,0.09722222222222232,0.00018261509534995087,0.013148286865196463,0.9192,0.025533333333333335,0.2941111111111112,0.00043142610602077674,10.588000000000003,0.2298,2.6470000000000007,0.0038828349541869906,0.012766666666666667,0.1470555555555556,0.00021571305301038837,0.015531339816747963,1.1202,0.031116666666666667,0.38966666666666694,0.0005557988787230763,14.028000000000013,0.015558333333333334,0.19483333333333347,0.00027789943936153816,0.02000875963403075,0.201,0.005583333333333333,0.09555555555555564,0.00020811289486770602,3.4400000000000026,0.0027916666666666667,0.04777777777777782,0.00010405644743385301,0.007492064215237417,0.201,0.005583333333333333,0.09555555555555564,0.00020811289486770602,3.4400000000000026,0.0027916666666666667,0.04777777777777782,0.00010405644743385301,0.007492064215237417,0.42500000000000004,5000
2.645,24.90399999999999,0.330625,3.1129999999999987,0.004177054755720406,0.03673611111111111,0.3458888888888888,0.0004641171950800451,0.03341643804576325,3.865,37.91199999999999,0.05368055555555556,0.5265555555555554,0.0006900092583202483,0.04968066659905788,1.22,13.008,0.016944444444444443,0.18066666666666653,0.000307925878070237,0.02217066322105706,1.22,13.008,0.016944444444444443,0.18066666666666653,0.000307925878070237,0.02217066322105706,1.4386,0.039961111111111114,0.3623333333333333,0.0005087150104882722,13.043999999999993,0.35965,3.2609999999999983,0.00457843509439445,0.019980555555555557,0.18116666666666664,0.0002543575052441361,0.0183137403775778,2.3572,0.06547777777777779,0.6019999999999999,0.0007839836466217899,21.67199999999999,0.032738888888888894,0.30099999999999993,0.00039199182331089495,0.028223411278384437,0.9186,0.025516666666666667,0.23966666666666664,0.0004200607540832688,8.627999999999998,0.012758333333333333,0.11983333333333332,0.0002100303770416344,0.015122187146997677,0.9186,0.025516666666666667,0.23966666666666664,0.0004200607540832688,8.627999999999998,0.012758333333333333,0.11983333333333332,0.0002100303770416344,0.015122187146997677,1.2064,0.03351111111111111,0.3294444444444443,0.00047908356756078417,11.859999999999996,0.3016,2.964999999999999,0.004311752108047058,0.016755555555555555,0.16472222222222216,0.00023954178378039209,0.01724700843218823,1.5078,0.041883333333333335,0.4511111111111109,0.0006402244945381325,16.23999999999999,0.020941666666666667,0.22555555555555545,0.0003201122472690662,0.02304808180337277,0.3014,0.008372222222222222,0.12166666666666662,0.00026147924678934374,4.379999999999999,0.004186111111111111,0.06083333333333331,0.00013073962339467187,0.009413252884416374,0.3014,0.008372222222222222,0.12166666666666662,0.00026147924678934374,4.379999999999999,0.004186111111111111,0.06083333333333331,0.00013073962339467187,0.009413252884416374,0.45,5000
3.2768,27.624000000000024,0.4096,3.453000000000003,0.004367566041472679,0.04551111111111111,0.38366666666666716,0.0004852851157191866,0.034940528331781434,4.854,46.36400000000005,0.06741666666666667,0.6439444444444449,0.0007602306367073056,0.054736605842926,1.5772,18.74000000000002,0.021905555555555553,0.2602777777777781,0.00036127756758395295,0.026011984866044613,1.5772,18.74000000000002,0.021905555555555553,0.2602777777777781,0.00036127756758395295,0.026011984866044613,1.7646,0.04901666666666667,0.39355555555555566,0.0005224498009020544,14.168000000000006,0.44115,3.5420000000000016,0.00470204820811849,0.024508333333333333,0.19677777777777783,0.0002612249004510272,0.01880819283247396,2.9218,0.08116111111111111,0.7231111111111115,0.0008471643771670481,26.032000000000004,0.04058055555555556,0.36155555555555574,0.00042358218858352405,0.03049791757801373,1.1572,0.03214444444444445,0.32955555555555593,0.00047420817626014504,11.864000000000011,0.016072222222222224,0.16477777777777797,0.00023710408813007252,0.017071494345365222,1.1572,0.03214444444444445,0.32955555555555593,0.00047420817626014504,11.864000000000011,0.016072222222222224,0.16477777777777797,0.00023710408813007252,0.017071494345365222,1.5122,0.04200555555555555,0.373777777777778,0.0005096276414751068,13.456000000000014,0.37805,3.3640000000000034,0.004586648773275961,0.021002777777777776,0.186888888888889,0.0002548138207375534,0.018346595093103844,1.9322,0.05367222222222222,0.5647777777777783,0.0007145603082327167,20.332000000000022,0.02683611111111111,0.28238888888888913,0.00035728015411635837,0.025724171096377802,0.42,0.011666666666666665,0.19100000000000023,0.00031242937604456417,6.876000000000007,0.005833333333333333,0.09550000000000011,0.00015621468802228208,0.01124745753760431,0.42,0.011666666666666665,0.19100000000000023,0.00031242937604456417,6.876000000000007,0.005833333333333333,0.09550000000000011,0.00015621468802228208,0.01124745753760431,0.47500000000000003,5000
4.0262,27.77199999999999,0.503275,3.471499999999999,0.004539972703159027,0.055919444444444445,0.3857222222222224,0.0005044414114621142,0.03631978162527222,6.1832,50.08399999999999,0.08587777777777778,0.695611111111111,0.0008757010666465732,0.06305047679855327,2.157,22.312,0.029958333333333333,0.30988888888888894,0.00046380846663301924,0.033394209597577384,2.157,22.312,0.029958333333333333,0.30988888888888894,0.00046380846663301924,0.033394209597577384,2.147,0.05963888888888888,0.3867777777777779,0.0005328352639288867,13.924,0.53675,3.481,0.00479551737535998,0.02981944444444444,0.19338888888888894,0.00026641763196444336,0.01918206950143992,3.6588,0.10163333333333333,0.7678888888888888,0.0009596147628534441,27.644000000000005,0.05081666666666666,0.3839444444444444,0.00047980738142672203,0.034546131462723985,1.5118,0.041994444444444445,0.38111111111111107,0.0005780306309373349,13.719999999999995,0.020997222222222223,0.19055555555555553,0.00028901531546866746,0.020809102713744056,1.5118,0.041994444444444445,0.38111111111111107,0.0005780306309373349,13.719999999999995,0.020997222222222223,0.19055555555555553,0.00028901531546866746,0.020809102713744056,1.8792,0.052199999999999996,0.3846666666666668,0.000537682216659836,13.847999999999999,0.4698,3.4619999999999997,0.004839139949938524,0.026099999999999998,0.1923333333333334,0.000268841108329918,0.019356559799754095,2.5244,0.07012222222222222,0.6233333333333331,0.0008245730111984176,22.439999999999998,0.03506111111111111,0.31166666666666654,0.0004122865055992088,0.029684628403143034,0.6452,0.01792222222222222,0.23866666666666667,0.00040709975162108483,8.592000000000002,0.00896111111111111,0.11933333333333333,0.00020354987581054241,0.014655591058359054,0.6452,0.01792222222222222,0.23866666666666667,0.00040709975162108483,8.592000000000002,0.00896111111111111,0.11933333333333333,0.00020354987581054241,0.014655591058359054,0.5,5000
4.6654,27.099999999999966,0.583175,3.3874999999999957,0.004446595699820654,0.06479722222222223,0.37638888888888844,0.0004940661888689615,0.03557276559856523,7.3582,56.10399999999996,0.10219722222222222,0.7792222222222218,0.0009213661844150117,0.06633836527788084,2.6928,29.00399999999997,0.0374,0.40283333333333293,0.000528109324765362,0.03802387138310606,2.6928,29.00399999999997,0.0374,0.40283333333333293,0.000528109324765362,0.03802387138310606,2.4608,0.06835555555555556,0.3598888888888887,0.0005158608174405392,12.955999999999996,0.6152,3.238999999999999,0.004642747356964853,0.03417777777777778,0.17994444444444435,0.0002579304087202696,0.01857098942785941,4.304,0.11955555555555557,0.8448888888888879,0.0009957989792483378,30.41599999999997,0.059777777777777784,0.42244444444444396,0.0004978994896241689,0.03584876325294016,1.8432,0.051199999999999996,0.48499999999999954,0.000637600225494197,17.459999999999983,0.025599999999999998,0.24249999999999977,0.0003188001127470985,0.02295360811779109,1.8432,0.051199999999999996,0.48499999999999954,0.000637600225494197,17.459999999999983,0.025599999999999998,0.24249999999999977,0.0003188001127470985,0.02295360811779109,2.2046,0.06123888888888889,0.3928888888888884,0.0005318708915049597,14.143999999999984,0.55115,3.535999999999996,0.0047868380235446375,0.030619444444444446,0.1964444444444442,0.00026593544575247987,0.01914735209417855,3.0542,0.08483888888888888,0.713555555555555,0.0008767098366094499,25.687999999999974,0.04241944444444444,0.3567777777777775,0.00043835491830472497,0.0315615541179402,0.8496,0.0236,0.3206666666666663,0.0004711536166468736,11.543999999999986,0.0118,0.16033333333333316,0.0002355768083234368,0.01696153019928745,0.8496,0.0236,0.3206666666666663,0.0004711536166468736,11.543999999999986,0.0118,0.16033333333333316,0.0002355768083234368,0.01696153019928745,0.525,5000
5.3812,24.703999999999965,0.67265,3.0879999999999956,0.004168557409245413,0.07473888888888888,0.3431111111111107,0.0004631730454717126,0.03334845927396331,8.9884,57.40399999999997,0.12483888888888889,0.7972777777777775,0.000996750426214594,0.07176603068745077,3.6072,32.699999999999974,0.050100000000000006,0.45416666666666605,0.0006334121551099496,0.045605675167916374,3.6072,32.699999999999974,0.050100000000000006,0.45416666666666605,0.0006334121551099496,0.045605675167916374,2.7948,0.07763333333333333,0.3269999999999993,0.0004770970534322685,11.771999999999991,0.6987,2.942999999999998,0.004293873480890416,0.038816666666666666,0.16349999999999965,0.00023854852671613424,0.017175493923561665,5.1796,0.14387777777777777,0.8532222222222217,0.0010628990174210422,30.71599999999998,0.07193888888888889,0.42661111111111083,0.0005314495087105211,0.03826436462715752,2.3848,0.06624444444444444,0.5262222222222219,0.0007334833816653067,18.94399999999998,0.03312222222222222,0.26311111111111096,0.00036674169083265336,0.026405401739951043,2.3848,0.06624444444444444,0.5262222222222219,0.0007334833816653067,18.94399999999998,0.03312222222222222,0.26311111111111096,0.00036674169083265336,0.026405401739951043,2.5864,0.07184444444444443,0.3592222222222219,0.0005082148881367875,12.931999999999988,0.6466,3.232999999999997,0.004573933993231087,0.035922222222222217,0.17961111111111094,0.00025410744406839376,0.01829573597292435,3.8088,0.1058,0.7413333333333327,0.0009548304843431702,26.687999999999995,0.0529,0.37066666666666637,0.0004774152421715851,0.03437389743635413,1.2224,0.03395555555555555,0.3821111111111108,0.0005798805265953765,13.75599999999999,0.016977777777777776,0.1910555555555554,0.00028994026329768826,0.020875698957433554,1.2224,0.03395555555555555,0.3821111111111108,0.0005798805265953765,13.75599999999999,0.016977777777777776,0.1910555555555554,0.00028994026329768826,0.020875698957433554,0.55,5000
5.9006,22.38799999999999,0.737575,2.798499999999999,0.0038425514850660195,0.08195277777777778,0.31094444444444447,0.0004269501650073355,0.030740411880528156,10.2284,61.61199999999994,0.1420611111111111,0.8557222222222216,0.0010227741612897437,0.07363973961286155,4.3278,39.22399999999996,0.06010833333333333,0.5447777777777774,0.0007007957640274714,0.05045729500997794,4.3278,39.22399999999996,0.06010833333333333,0.5447777777777774,0.0007007957640274714,0.05045729500997794,3.0494,0.08470555555555555,0.2946666666666664,0.0004407505177199918,10.607999999999997,0.76235,2.6519999999999992,0.003966754659479926,0.042352777777777774,0.1473333333333332,0.0002203752588599959,0.015867018637919703,5.8398,0.16221666666666668,0.9069999999999991,0.0010826675369325068,32.65199999999999,0.08110833333333334,0.45349999999999957,0.0005413337684662534,0.03897603132957024,2.7904,0.07751111111111111,0.612333333333333,0.0007963738980447401,22.043999999999983,0.03875555555555556,0.3061666666666665,0.00039818694902237005,0.02866946032961064,2.7904,0.07751111111111111,0.612333333333333,0.0007963738980447401,22.043999999999983,0.03875555555555556,0.3061666666666665,0.00039818694902237005,0.02866946032961064,2.8512,0.07919999999999999,0.3272222222222221,0.00047162492116104894,11.779999999999987,0.7128,2.9449999999999967,0.00424462429044944,0.039599999999999996,0.16361111111111104,0.00023581246058052447,0.01697849716179776,4.3886,0.12190555555555556,0.8044444444444436,0.000983509372874691,28.95999999999998,0.06095277777777778,0.4022222222222218,0.0004917546864373455,0.03540633742348888,1.5374,0.04270555555555556,0.47722222222222166,0.0006462071711917507,17.17999999999999,0.02135277777777778,0.23861111111111083,0.0003231035855958753,0.02326345816290302,1.5374,0.04270555555555556,0.47722222222222166,0.0006462071711917507,17.17999999999999,0.02135277777777778,0.23861111111111083,0.0003231035855958753,0.02326345816290302,0.5750000000000001,5000
6.5006,19.595999999999975,0.812575,2.449499999999997,0.0033607674460702144,0.09028611111111112,0.27216666666666645,0.0003734186051189127,0.026886139568561715,12.069,66.17200000000003,0.16762500000000002,0.919055555555556,0.0010522752237148339,0.07576381610746803,5.5684,46.576000000000036,0.07733888888888889,0.6468888888888891,0.0007825965905774712,0.05634695452157793,5.5684,46.576000000000036,0.07733888888888889,0.6468888888888891,0.0007825965905774712,0.05634695452157793,3.3252,0.09236666666666667,0.24977777777777765,0.00038474715269433776,8.991999999999997,0.8313,2.2479999999999993,0.0034627243742490397,0.04618333333333333,0.12488888888888883,0.00019237357634716888,0.013850897496996159,6.8122,0.18922777777777777,0.9651111111111108,0.0011020817325516773,34.744000000000014,0.09461388888888889,0.4825555555555554,0.0005510408662758386,0.03967494237186038,3.487,0.09686111111111112,0.715333333333334,0.0008651340615623192,25.752000000000024,0.04843055555555556,0.357666666666667,0.0004325670307811596,0.031144826216243492,3.487,0.09686111111111112,0.715333333333334,0.0008651340615623192,25.752000000000024,0.04843055555555556,0.357666666666667,0.0004325670307811596,0.031144826216243492,3.1754,0.08820555555555555,0.29455555555555546,0.0004198881635101738,10.603999999999992,0.79385,2.650999999999998,0.0037789934715915644,0.044102777777777775,0.14727777777777773,0.0002099440817550869,0.015115973886366258,5.2568,0.14602222222222222,0.8730000000000002,0.001019274145633446,31.427999999999997,0.07301111111111111,0.4365000000000001,0.000509637072816723,0.03669386924280405,2.0814,0.05781666666666666,0.5784444444444446,0.0007342032565955493,20.82400000000001,0.02890833333333333,0.2892222222222223,0.00036710162829777464,0.026431317237439775,2.0814,0.05781666666666666,0.5784444444444446,0.0007342032565955493,20.82400000000001,0.02890833333333333,0.2892222222222223,0.00036710162829777464,0.026431317237439775,0.6000000000000001,5000
6.8804,14.416000000000054,0.86005,1.8020000000000067,0.0028340617285401945,0.09556111111111111,0.2002222222222223,0.0003148957476155772,0.022672493828321556,13.537,62.19600000000014,0.1880138888888889,0.8638333333333343,0.0010550583909648664,0.07596420414947037,6.6566,47.78000000000007,0.09245277777777777,0.663611111111112,0.0008349403564597899,0.06011570566510487,6.6566,47.78000000000007,0.09245277777777777,0.663611111111112,0.0008349403564597899,0.06011570566510487,3.499,0.09719444444444444,0.18266666666666698,0.0003262527960689696,6.576000000000022,0.87475,1.6440000000000055,0.0029362751646207262,0.04859722222222222,0.09133333333333349,0.0001631263980344848,0.011745100658482905,7.577,0.21047222222222223,0.89888888888889,0.0010962075734482772,32.36000000000004,0.10523611111111111,0.449444444444445,0.0005481037867241386,0.03946347264413798,4.078,0.11327777777777778,0.716222222222223,0.000905008140224551,25.78400000000005,0.05663888888888889,0.3581111111111115,0.0004525040701122755,0.03258029304808384,4.078,0.11327777777777778,0.716222222222223,0.000905008140224551,25.78400000000005,0.05663888888888889,0.3581111111111115,0.0004525040701122755,0.03258029304808384,3.3814,0.09392777777777778,0.21777777777777851,0.00036100488621144266,7.840000000000032,0.84535,1.960000000000008,0.003249043975902984,0.04696388888888889,0.10888888888888926,0.00018050244310572133,0.012996175903611936,5.96,0.16555555555555557,0.8287777777777792,0.0010281358200669563,29.83600000000004,0.08277777777777778,0.4143888888888896,0.0005140679100334781,0.03701288952241043,2.5786,0.07162777777777778,0.6110000000000007,0.0007956520045990487,21.99600000000003,0.03581388888888889,0.3055000000000003,0.00039782600229952434,0.028643472165565752,2.5786,0.07162777777777778,0.6110000000000007,0.0007956520045990487,21.99600000000003,0.03581388888888889,0.3055000000000003,0.00039782600229952434,0.028643472165565752,0.625,5000
7.2214,12.26400000000001,0.902675,1.5330000000000013,0.002361632769265233,0.10029722222222222,0.17033333333333278,0.0002624036410294703,0.018893062154121863,15.1788,66.23599999999993,0.21081666666666668,0.9199444444444436,0.0010693895900757038,0.07699605048545068,7.9574,53.97199999999995,0.11051944444444445,0.7496111111111108,0.0008982701172019335,0.06467544843853922,7.9574,53.97199999999995,0.11051944444444445,0.7496111111111108,0.0008982701172019335,0.06467544843853922,3.654,0.10149999999999999,0.15244444444444438,0.0002737432326868716,5.487999999999985,0.9135,1.3719999999999963,0.0024636890941818444,0.050749999999999997,0.07622222222222219,0.0001368716163434358,0.009854756376727378,8.4302,0.2341722222222222,0.956999999999999,0.0011049209640214151,34.45199999999994,0.1170861111111111,0.4784999999999995,0.0005524604820107076,0.039777154704770945,4.7762,0.13267222222222222,0.804555555555555,0.0009576932017024296,28.96399999999997,0.06633611111111111,0.4022777777777775,0.0004788466008512148,0.03447695526128747,4.7762,0.13267222222222222,0.804555555555555,0.0009576932017024296,28.96399999999997,0.06633611111111111,0.4022777777777775,0.0004788466008512148,0.03447695526128747,3.5674,0.09909444444444444,0.1882222222222223,0.0003050950761483818,6.775999999999996,0.89185,1.693999999999999,0.002745855685335436,0.04954722222222222,0.09411111111111115,0.0001525475380741909,0.010983422741341745,6.7486,0.1874611111111111,0.8828888888888882,0.0010452135084308173,31.783999999999978,0.09373055555555555,0.4414444444444441,0.0005226067542154087,0.037627686303509426,3.1812,0.08836666666666666,0.6946666666666661,0.0008630741018632103,25.00799999999999,0.04418333333333333,0.34733333333333305,0.00043153705093160514,0.03107066766707557,3.1812,0.08836666666666666,0.6946666666666661,0.0008630741018632103,25.00799999999999,0.04418333333333333,0.34733333333333305,0.00043153705093160514,0.03107066766707557,0.65,5000
7.4936,9.575999999999965,0.9367,1.1969999999999956,0.0018511637856959862,0.10407777777777777,0.133,0.0002056848650773318,0.01480931028556789,16.8488,70.37599999999998,0.23401111111111111,0.9774444444444441,0.001047668424055829,0.07543212653201968,9.3552,60.799999999999955,0.12993333333333335,0.8444444444444437,0.0009248428923428446,0.06658868824868482,9.3552,60.799999999999955,0.12993333333333335,0.8444444444444437,0.0009248428923428446,0.06658868824868482,3.7734,0.10481666666666667,0.1200000000000001,0.00021720502301778821,4.320000000000007,0.94335,1.0800000000000018,0.001954845207160094,0.052408333333333335,0.06000000000000005,0.00010860251150889411,0.007819380828640376,9.2996,0.25832222222222223,1.0089999999999995,0.001075034999970393,36.323999999999955,0.12916111111111112,0.5044999999999997,0.0005375174999851965,0.03870125999893415,5.5262,0.15350555555555556,0.8889999999999993,0.0009699284677198686,32.00399999999998,0.07675277777777778,0.4444999999999997,0.0004849642338599343,0.03491742483791527,5.5262,0.15350555555555556,0.8889999999999993,0.0009699284677198686,32.00399999999998,0.07675277777777778,0.4444999999999997,0.0004849642338599343,0.03491742483791527,3.7202,0.1033388888888889,0.1459999999999999,0.00024393541628311486,5.255999999999986,0.93005,1.3139999999999965,0.0021954187465480337,0.05166944444444445,0.07299999999999995,0.00012196770814155743,0.008781674986192135,7.5492,0.2097,0.9458888888888879,0.0010293945744452118,34.05199999999999,0.10485,0.47294444444444395,0.0005146972872226059,0.03705820468002762,3.829,0.10636111111111111,0.7998888888888886,0.000898833781548693,28.795999999999985,0.05318055555555556,0.3999444444444443,0.0004494168907743465,0.03235801613575295,3.829,0.10636111111111111,0.7998888888888886,0.000898833781548693,28.795999999999985,0.05318055555555556,0.3999444444444443,0.0004494168907743465,0.03235801613575295,0.675,5000
7.7002,6.423999999999978,0.962525,0.8029999999999973,0.0013421475876480222,0.10694722222222222,0.08922222222222276,0.00014912750973866912,0.010737180701184177,18.6976,68.55999999999995,0.2596888888888889,0.952222222222221,0.0010396936490788102,0.07485794273367433,10.9974,62.13599999999994,0.15274166666666666,0.8629999999999991,0.0009602632225515794,0.06913895202371372,10.9974,62.13599999999994,0.15274166666666666,0.8629999999999991,0.0009602632225515794,0.06913895202371372,3.87,0.1075,0.0784444444444441,0.0001584709667441269,2.823999999999998,0.9675,0.7059999999999995,0.0014262387006971423,0.05375,0.03922222222222205,7.923548337206345e-05,0.005704954802788569,10.2464,0.2846222222222222,0.9705555555555554,0.0010610053749818646,34.93999999999997,0.1423111111111111,0.4852777777777777,0.0005305026874909323,0.03819619349934713,6.3764,0.17712222222222224,0.89211111111111,0.0009965999483776005,32.11599999999997,0.08856111111111112,0.446055555555555,0.0004982999741888003,0.03587759814159362,6.3764,0.17712222222222224,0.89211111111111,0.0009965999483776005,32.11599999999997,0.08856111111111112,0.446055555555555,0.0004982999741888003,0.03587759814159362,3.8302,0.10639444444444444,0.09999999999999964,0.0001870058437459742,3.5999999999999943,0.95755,0.8999999999999986,0.0016830525937137678,0.05319722222222222,0.04999999999999982,9.35029218729871e-05,0.006732210374855071,8.4512,0.23475555555555555,0.9338888888888874,0.0010257925478891084,33.619999999999976,0.11737777777777778,0.4669444444444437,0.0005128962739445542,0.0369285317240079,4.621,0.12836111111111112,0.8338888888888882,0.000938025518542228,30.019999999999968,0.06418055555555556,0.4169444444444441,0.000469012759271114,0.03376891866752021,4.621,0.12836111111111112,0.8338888888888882,0.000938025518542228,30.019999999999968,0.06418055555555556,0.4169444444444441,0.000469012759271114,0.03376891866752021,0.7000000000000001,5000
7.8148,4.0239999999999725,0.97685,0.5029999999999966,0.001041888960744524,0.1085388888888889,0.055888888888888655,0.00011576544008272489,0.008335111685956192,20.2768,68.73599999999999,0.2816222222222222,0.9546666666666663,0.0010145834391134768,0.07305000761617034,12.462,64.71200000000005,0.17308333333333334,0.898777777777779,0.00095962734428055,0.0690931687881996,12.462,64.71200000000005,0.17308333333333334,0.898777777777779,0.00095962734428055,0.0690931687881996,3.9146,0.10873888888888888,0.04666666666666641,0.00012773428341697967,1.6799999999999926,0.97865,0.41999999999999815,0.0011496085507528171,0.05436944444444444,0.023333333333333206,6.386714170848984e-05,0.004598434203011269,11.0466,0.30685,0.9744444444444458,0.0010342450221714923,35.08000000000004,0.153425,0.4872222222222229,0.0005171225110857462,0.03723282079817372,7.132,0.1981111111111111,0.9277777777777785,0.000987908444064195,33.40000000000002,0.09905555555555555,0.46388888888888924,0.0004939542220320975,0.035564703986311015,7.132,0.1981111111111111,0.9277777777777785,0.000987908444064195,33.40000000000002,0.09905555555555555,0.46388888888888924,0.0004939542220320975,0.035564703986311015,3.9002,0.10833888888888889,0.0651111111111109,0.00014221906096456636,2.34399999999998,0.97505,0.585999999999995,0.0012799715486810973,0.054169444444444444,0.03255555555555545,7.110953048228318e-05,0.005119886194724389,9.2302,0.2563944444444444,0.9348888888888904,0.0010015811621246124,33.656000000000034,0.1281972222222222,0.4674444444444452,0.0005007905810623062,0.036056921836486046,5.33,0.14805555555555555,0.8697777777777786,0.0009425021899841971,31.312000000000026,0.07402777777777778,0.4348888888888893,0.00047125109499209856,0.033930078839431096,5.33,0.14805555555555555,0.8697777777777786,0.0009425021899841971,31.312000000000026,0.07402777777777778,0.4348888888888893,0.00047125109499209856,0.033930078839431096,0.7250000000000001,5000
7.9014,2.552000000000021,0.987675,0.3190000000000026,0.0007108761804905251,0.10974166666666667,0.035444444444444834,7.898624227672501e-05,0.005687009443924201,22.1344,72.02400000000017,0.3074222222222222,1.0003333333333355,0.0009900550638526186,0.07128396459738855,14.233,69.47200000000021,0.19768055555555555,0.9648888888888911,0.0009597430456255861,0.0691014992850422,14.233,69.47200000000021,0.19768055555555555,0.9648888888888911,0.0009597430456255861,0.0691014992850422,3.954,0.10983333333333334,0.032444444444445164,9.287518093614063e-05,1.1680000000000064,0.9885,0.2920000000000016,0.0008358766284252656,0.05491666666666667,0.016222222222222582,4.6437590468070315e-05,0.0033435065137010626,12.0004,0.33334444444444444,1.0207777777777816,0.0010053951577085939,36.748000000000104,0.16667222222222222,0.5103888888888908,0.0005026975788542969,0.03619422567750938,8.0464,0.2235111111111111,0.988333333333336,0.0009791885070796378,35.58000000000007,0.11175555555555555,0.494166666666668,0.0004895942535398189,0.03525078625486696,8.0464,0.2235111111111111,0.988333333333336,0.0009791885070796378,35.58000000000007,0.11175555555555555,0.494166666666668,0.0004895942535398189,0.03525078625486696,3.9474,0.10965,0.03844444444444495,9.769378425346732e-05,1.3840000000000146,0.98685,0.34600000000000364,0.0008792440582812059,0.054825,0.019222222222222474,4.884689212673366e-05,0.0035169762331248235,10.134,0.28150000000000003,0.9798888888888913,0.0009798658526279118,35.276000000000096,0.14075000000000001,0.4899444444444456,0.0004899329263139559,0.03527517069460482,6.1866,0.17185,0.9414444444444467,0.0009481093458293962,33.89200000000008,0.085925,0.4707222222222234,0.0004740546729146981,0.03413193644985826,6.1866,0.17185,0.9414444444444467,0.0009481093458293962,33.89200000000008,0.085925,0.4707222222222234,0.0004740546729146981,0.03413193644985826,0.75,5000
7.9424,1.4280000000000257,0.9928,0.1785000000000032,0.0005034209834098172,0.11031111111111111,0.01983333333333359,5.5935664823313025e-05,0.004027367867278538,23.878,71.17599999999999,0.33163888888888887,0.9885555555555543,0.00095653735035129,0.06887068922529288,15.9356,69.74799999999999,0.2213277777777778,0.9687222222222216,0.0009379271257995014,0.0675307530575641,15.9356,69.74799999999999,0.2213277777777778,0.9687222222222216,0.0009379271257995014,0.0675307530575641,3.973,0.1103611111111111,0.018555555555555436,6.605816662798747e-05,0.6680000000000064,0.99325,0.1670000000000016,0.0005945234996518873,0.05518055555555555,0.009277777777777718,3.302908331399374e-05,0.002378093998607549,12.884,0.3578888888888889,1.0032222222222211,0.0009682425685611127,36.11599999999993,0.17894444444444446,0.5016111111111106,0.00048412128428055635,0.034856732468200056,8.911,0.24752777777777776,0.9846666666666666,0.0009531831411166432,35.44799999999995,0.12376388888888888,0.4923333333333333,0.0004765915705583216,0.03431459308019916,8.911,0.24752777777777776,0.9846666666666666,0.0009531831411166432,35.44799999999995,0.12376388888888888,0.4923333333333333,0.0004765915705583216,0.03431459308019916,3.9694,0.1102611111111111,0.021111111111111303,7.784867235130651e-05,0.7599999999999909,0.99235,0.18999999999999773,0.0007006380511617586,0.05513055555555555,0.010555555555555651,3.8924336175653255e-05,0.0028025522046470344,10.994,0.3053888888888889,0.9738888888888875,0.0009492306620338693,35.059999999999974,0.15269444444444444,0.48694444444444374,0.00047461533101693463,0.03417230383321929,7.0246,0.1951277777777778,0.9527777777777771,0.0009290504795894524,34.29999999999997,0.0975638888888889,0.47638888888888853,0.0004645252397947262,0.033445817265220286,7.0246,0.1951277777777778,0.9527777777777771,0.0009290504795894524,34.29999999999997,0.0975638888888889,0.47638888888888853,0.0004645252397947262,0.033445817265220286,0.775,5000
7.9728,0.931999999999988,0.9966,0.1164999999999985,0.00032435943304975987,0.11073333333333334,0.012944444444444425,3.603993700552888e-05,0.002594875464398079,25.6932,72.27199999999982,0.35685,1.0037777777777768,0.0009258529080734931,0.0666614093812915,17.7204,71.33999999999992,0.24611666666666668,0.9908333333333319,0.0009166788710465172,0.06600087871534924,17.7204,71.33999999999992,0.24611666666666668,0.9908333333333319,0.0009166788710465172,0.06600087871534924,3.9874,0.11076111111111112,0.01288888888888895,4.588628051801089e-05,0.46400000000001285,0.99685,0.11600000000000321,0.000412976524662098,0.05538055555555556,0.006444444444444475,2.2943140259005447e-05,0.001651906098648392,13.8062,0.38350555555555554,1.0171111111111095,0.0009363853798331623,36.615999999999985,0.19175277777777777,0.5085555555555548,0.00046819268991658115,0.03370987367399384,9.8188,0.27274444444444446,1.0042222222222223,0.0009283168274916807,36.15199999999999,0.13637222222222223,0.5021111111111112,0.0004641584137458404,0.033419405789700506,9.8188,0.27274444444444446,1.0042222222222223,0.0009283168274916807,36.15199999999999,0.13637222222222223,0.5021111111111112,0.0004641584137458404,0.033419405789700506,3.9854,0.11070555555555556,0.0129999999999999,4.841608174504063e-05,0.4680000000000035,0.99635,0.11700000000000088,0.00043574473570536567,0.05535277777777778,0.00649999999999995,2.4208040872520316e-05,0.0017429789428214627,11.887,0.33019444444444446,0.990444444444444,0.0009185775155054291,35.65599999999998,0.16509722222222223,0.495222222222222,0.00045928875775271455,0.03306879055819545,7.9016,0.2194888888888889,0.9774444444444441,0.0009091602316484378,35.18799999999999,0.10974444444444445,0.48872222222222206,0.0004545801158242189,0.03272976833934376,7.9016,0.2194888888888889,0.9774444444444441,0.0009091602316484378,35.18799999999999,0.10974444444444445,0.48872222222222206,0.0004545801158242189,0.03272976833934376,0.8,5000
7.989,0.4399999999999693,0.998625,0.05499999999999616,0.0001910606600929847,0.11095833333333333,0.006111111111110734,2.1228962232553857e-05,0.0015284852807438776,27.4916,70.59199999999987,0.38182777777777777,0.9804444444444425,0.0008886115644769978,0.06398003264234384,19.5026,70.15199999999993,0.27086944444444444,0.9743333333333322,0.0008843906994762753,0.06367613036229182,19.5026,70.15199999999993,0.27086944444444444,0.9743333333333322,0.0008843906994762753,0.06367613036229182,3.9962,0.11100555555555555,0.0057777777777774375,2.417246821631223e-05,0.2079999999999984,0.99905,0.0519999999999996,0.00021755221394681006,0.055502777777777776,0.0028888888888887188,1.2086234108156115e-05,0.0008702088557872403,14.7148,0.40874444444444447,0.9886666666666679,0.0008970548399744737,35.591999999999985,0.20437222222222223,0.49433333333333396,0.0004485274199872368,0.03229397423908105,10.7186,0.2977388888888889,0.9828888888888878,0.0008940173143345367,35.383999999999986,0.14886944444444444,0.4914444444444439,0.00044700865716726834,0.03218462331604332,10.7186,0.2977388888888889,0.9828888888888878,0.0008940173143345367,35.383999999999986,0.14886944444444444,0.4914444444444439,0.00044700865716726834,0.03218462331604332,3.9928,0.11091111111111111,0.006444444444444475,3.4133158668323895e-05,0.23199999999999932,0.9982,0.05799999999999983,0.0003071984280149151,0.05545555555555556,0.0032222222222222374,1.7066579334161948e-05,0.0012287937120596603,12.7768,0.3549111111111111,0.9722222222222214,0.0008827558977723118,34.99999999999997,0.17745555555555556,0.4861111111111107,0.0004413779488861559,0.03177921231980323,8.784,0.24400000000000002,0.9657777777777765,0.000877807895802367,34.76799999999997,0.12200000000000001,0.48288888888888826,0.0004389039479011835,0.03160108424888521,8.784,0.24400000000000002,0.9657777777777765,0.000877807895802367,34.76799999999997,0.12200000000000001,0.48288888888888826,0.0004389039479011835,0.03160108424888521,0.8250000000000001,5000
7.9948,0.1759999999999593,0.99935,0.021999999999994913,0.0001271563358498087,0.11103888888888888,0.0024444444444444713,1.4128481761089856e-05,0.0010172506867984696,29.2228,71.24799999999993,0.4058722222222222,0.9895555555555546,0.0008331656940582058,0.05998792997219082,21.228,71.07200000000006,0.29483333333333334,0.987111111111111,0.0008313680306950267,0.059858498210041924,21.228,71.07200000000006,0.29483333333333334,0.987111111111111,0.0008313680306950267,0.059858498210041924,3.9978,0.11105,0.0014444444444441373,1.8407254674833832e-05,0.051999999999978286,0.99945,0.012999999999994571,0.0001656652920735045,0.055525,0.0007222222222220687,9.203627337416916e-06,0.000662661168294018,15.5858,0.43293888888888893,0.9984444444444449,0.00084015294303468,35.94399999999996,0.21646944444444446,0.49922222222222246,0.00042007647151734,0.03024550594924848,11.588,0.3218888888888889,0.9970000000000008,0.0008387203356729854,35.891999999999996,0.16094444444444445,0.4985000000000004,0.0004193601678364927,0.030193932084227475,11.588,0.3218888888888889,0.9970000000000008,0.0008387203356729854,35.891999999999996,0.16094444444444445,0.4985000000000004,0.0004193601678364927,0.030193932084227475,3.997,0.11102777777777778,0.003444444444444361,2.1486423791677038e-05,0.12399999999999523,0.99925,0.030999999999998806,0.00019337781412509335,0.05551388888888889,0.0017222222222221806,1.0743211895838519e-05,0.0007735112565003734,13.637,0.37880555555555556,0.9806666666666661,0.0008284785013368104,35.303999999999974,0.18940277777777778,0.49033333333333307,0.0004142392506684052,0.029825226048125174,9.64,0.2677777777777778,0.9772222222222213,0.0008265730847093677,35.17999999999998,0.1338888888888889,0.48861111111111066,0.00041328654235468385,0.029756631049537238,9.64,0.2677777777777778,0.9772222222222213,0.0008265730847093677,35.17999999999998,0.1338888888888889,0.48861111111111066,0.00041328654235468385,0.029756631049537238,0.8500000000000001,5000
7.9978,0.09600000000003206,0.999725,0.012000000000004007,9.006385123599752e-05,0.11108055555555556,0.0013333333333336306,1.0007094581777503e-05,0.0007205108098879802,31.054,71.58000000000027,0.43130555555555555,0.9941666666666702,0.0007736544182314567,0.05570311811266488,23.0562,71.48400000000015,0.320225,0.9928333333333352,0.0007726351870216471,0.05562973346555859,23.0562,71.48400000000015,0.320225,0.9928333333333352,0.0007726351870216471,0.05562973346555859,3.9988,0.11107777777777778,0.001000000000000334,1.3601469146954457e-05,0.036000000000029786,0.9997,0.009000000000007446,0.00012241322232259012,0.05553888888888889,0.000500000000000167,6.8007345734772284e-06,0.0004896528892903605,16.512,0.45866666666666667,1.00288888888889,0.0007781983831151078,36.1040000000001,0.22933333333333333,0.501444444444445,0.0003890991915575539,0.028015141792143882,12.5132,0.3475888888888889,1.0018888888888924,0.0007772030219334727,36.068000000000154,0.17379444444444445,0.5009444444444462,0.00038860151096673634,0.027979308789605018,12.5132,0.3475888888888889,1.0018888888888924,0.0007772030219334727,36.068000000000154,0.17379444444444445,0.5009444444444462,0.00038860151096673634,0.027979308789605018,3.999,0.11108333333333334,0.0016666666666664831,1.2417628846438446e-05,0.060000000000016485,0.99975,0.015000000000004121,0.00011175865961794602,0.05554166666666667,0.0008333333333332416,6.208814423219223e-06,0.0004470346384717841,14.542,0.40394444444444444,0.9854444444444468,0.0007705823476388665,35.47600000000011,0.20197222222222222,0.4927222222222234,0.00038529117381943325,0.027740964514999192,10.543,0.29286111111111107,0.9837777777777807,0.0007696117571526865,35.41600000000008,0.14643055555555554,0.4918888888888904,0.00038480587857634324,0.027706023257496715,10.543,0.29286111111111107,0.9837777777777807,0.0007696117571526865,35.41600000000008,0.14643055555555554,0.4918888888888904,0.00038480587857634324,0.027706023257496715,0.875,5000
7.9996,0.04400000000001114,0.99995,0.005500000000001393,3.53518026413081e-05,0.11110555555555555,0.0006111111111111178,3.927978071256455e-06,0.0002828144211304648,32.8018,71.36799999999994,0.45558055555555554,0.9912222222222198,0.0007093382072915922,0.05107235092499464,24.8022,71.3239999999999,0.344475,0.99061111111111,0.0007090813494924017,0.05105385716345292,24.8022,71.3239999999999,0.344475,0.99061111111111,0.0007090813494924017,0.05105385716345292,3.9996,0.1111,0.0006666666666665932,7.85595614251291e-06,0.02400000000000091,0.9999,0.006000000000000227,7.07036052826162e-05,0.05555,0.0003333333333332966,3.927978071256455e-06,0.0002828144211304648,17.391,0.4830833333333333,0.9959999999999987,0.0007127127487724791,35.85599999999994,0.24154166666666665,0.49799999999999933,0.00035635637438623957,0.025657658955809248,13.3914,0.37198333333333333,0.995333333333333,0.0007122022241821638,35.83200000000002,0.18599166666666667,0.4976666666666665,0.0003561011120910819,0.025639280070557897,13.3914,0.37198333333333333,0.995333333333333,0.0007122022241821638,35.83200000000002,0.18599166666666667,0.4976666666666665,0.0003561011120910819,0.025639280070557897,4.0,0.1111111111111111,0.0005555555555551983,0.0,0.01999999999999602,1.0,0.004999999999999005,0.0,0.05555555555555555,0.00027777777777759916,0.0,0.0,15.4108,0.4280777777777778,0.9864444444444427,0.0007070076023125377,35.511999999999944,0.2140388888888889,0.49322222222222134,0.00035350380115626884,0.025452273683251356,11.4108,0.3169666666666667,0.9858888888888888,0.0007070076023125377,35.49200000000002,0.15848333333333334,0.4929444444444444,0.00035350380115626884,0.025452273683251356,11.4108,0.3169666666666667,0.9858888888888888,0.0007070076023125377,35.49200000000002,0.15848333333333334,0.4929444444444444,0.00035350380115626884,0.025452273683251356,0.9,5000
8.0,0.003999999999990678,1.0,0.0004999999999988347,0.0,0.1111111111111111,5.555555555547542e-05,0.0,0.0,34.6224,70.20799999999997,0.48086666666666666,0.9751111111111097,0.0006096999271126838,0.04389839475211323,26.6224,70.20399999999995,0.36975555555555556,0.9750555555555547,0.0006096999271126838,0.04389839475211323,26.6224,70.20399999999995,0.36975555555555556,0.9750555555555547,0.0006096999271126838,0.04389839475211323,4.0,0.1111111111111111,0.00011111111111095084,0.0,0.003999999999990678,1.0,0.0009999999999976694,0.0,0.05555555555555555,5.555555555547542e-05,0.0,0.0,18.3048,0.5084666666666666,0.979333333333333,0.0006123198748212644,35.25600000000003,0.2542333333333333,0.4896666666666665,0.0003061599374106322,0.022043515493565518,14.3048,0.3973555555555556,0.9792222222222211,0.0006123198748212644,35.25199999999995,0.1986777777777778,0.48961111111111055,0.0003061599374106322,0.022043515493565518,14.3048,0.3973555555555556,0.9792222222222211,0.0006123198748212644,35.25199999999995,0.1986777777777778,0.48961111111111055,0.0003061599374106322,0.022043515493565518,4.0,0.1111111111111111,0.0,0.0,0.0,1.0,0.0,0.0,0.05555555555555555,0.0,0.0,0.0,16.3176,0.45326666666666665,0.9708888888888882,0.0006078713519557005,34.952,0.22663333333333333,0.4854444444444441,0.00030393567597785027,0.02188336867040522,12.3176,0.34215555555555555,0.9708888888888882,0.0006078713519557006,34.95199999999997,0.17107777777777777,0.4854444444444441,0.0003039356759778503,0.021883368670405225,12.3176,0.34215555555555555,0.9708888888888882,0.0006078713519557006,34.95199999999997,0.17107777777777777,0.4854444444444441,0.0003039356759778503,0.021883368670405225,0.925,5000
7.9998,0.0,0.999975,0.0,2.4999999999999998e-05,0.11110833333333332,0.0,2.7777777777777775e-06,0.00019999999999999998,36.3122,71.81999999999994,0.5043361111111111,0.9975000000000005,0.0005245131984516064,0.03776495028851566,28.3124,71.81999999999994,0.3932277777777778,0.9974999999999987,0.000524368802157683,0.03775455375535318,28.3124,71.81999999999994,0.3932277777777778,0.9974999999999987,0.000524368802157683,0.03775455375535318,3.9998,0.11110555555555555,0.0,5.555555555555555e-06,0.0,0.99995,0.0,4.9999999999999996e-05,0.05555277777777778,0.0,2.7777777777777775e-06,0.00019999999999999998,19.1538,0.53205,1.000444444444442,0.0005257128817768046,36.01599999999996,0.266025,0.500222222222221,0.0002628564408884023,0.018925663743964965,15.154,0.42094444444444445,1.000444444444443,0.0005254395291765226,36.015999999999906,0.21047222222222223,0.5002222222222215,0.0002627197645882613,0.018915823050354816,15.154,0.42094444444444445,1.000444444444443,0.0005254395291765226,36.015999999999906,0.21047222222222223,0.5002222222222215,0.0002627197645882613,0.018915823050354816,4.0,0.1111111111111111,0.0,0.0,0.0,1.0,0.0,0.0,0.05555555555555555,0.0,0.0,0.0,17.1584,0.4766222222222222,0.9945555555555572,0.0005236482911884634,35.80400000000003,0.2383111111111111,0.4972777777777786,0.0002618241455942317,0.01885133848278468,13.1584,0.3655111111111111,0.9945555555555545,0.0005236482911884634,35.80399999999992,0.18275555555555556,0.49727777777777726,0.0002618241455942317,0.01885133848278468,13.1584,0.3655111111111111,0.9945555555555545,0.0005236482911884634,35.80399999999992,0.18275555555555556,0.49727777777777726,0.0002618241455942317,0.01885133848278468,0.9500000000000001,5000
8.0,0.003999999999990678,1.0,0.0004999999999988347,0.0,0.1111111111111111,5.555555555547542e-05,0.0,0.0,38.2134,73.75599999999997,0.5307416666666667,1.0243888888888897,0.00036356780093550186,0.026176881667356135,30.2134,73.75199999999995,0.41963055555555556,1.024333333333332,0.00036356780093550186,0.026176881667356135,30.2134,73.75199999999995,0.41963055555555556,1.024333333333332,0.00036356780093550186,0.026176881667356135,4.0,0.1111111111111111,0.00011111111111095084,0.0,0.003999999999990678,1.0,0.0009999999999976694,0.0,0.05555555555555555,5.555555555547542e-05,0.0,0.0,20.1056,0.5584888888888888,1.025666666666666,0.00036443359658500373,36.92399999999998,0.2792444444444444,0.512833333333333,0.00018221679829250186,0.013119609477060134,16.1056,0.44737777777777776,1.0255555555555542,0.00036443359658500373,36.920000000000016,0.22368888888888888,0.5127777777777771,0.00018221679829250186,0.013119609477060134,16.1056,0.44737777777777776,1.0255555555555542,0.00036443359658500373,36.920000000000016,0.22368888888888888,0.5127777777777771,0.00018221679829250186,0.013119609477060134,4.0,0.1111111111111111,0.0,0.0,-1.4210854715202004e-14,1.0,-3.552713678800501e-15,0.0,0.05555555555555555,0.0,0.0,0.0,18.1078,0.5029944444444445,1.0231111111111115,0.0003629334084189607,36.83199999999994,0.25149722222222226,0.5115555555555558,0.00018146670420948036,0.013065602703082586,14.1078,0.3918833333333333,1.0231111111111124,0.00036293340841896067,36.831999999999994,0.19594166666666665,0.5115555555555562,0.00018146670420948033,0.013065602703082584,14.1078,0.3918833333333333,1.0231111111111124,0.00036293340841896067,36.831999999999994,0.19594166666666665,0.5115555555555562,0.00018146670420948033,0.013065602703082584,0.9750000000000001,5000
8.0,0.0,1.0,0.0,0.0,0.1111111111111111,0.0,0.0,0.0,40.0,71.46400000000025,0.5555555555555556,0.9925555555555601,0.0,0.0,32.0,71.46400000000025,0.4444444444444444,0.9925555555555579,0.0,0.0,32.0,71.46400000000025,0.4444444444444444,0.9925555555555579,0.0,0.0,4.0,0.1111111111111111,0.0,0.0,0.0,1.0,0.0,0.0,0.05555555555555555,0.0,0.0,0.0,21.0,0.5833333333333334,0.9937777777777859,0.0,35.77600000000017,0.2916666666666667,0.49688888888889293,0.0,0.0,17.0,0.4722222222222222,0.9937777777777814,0.0,35.77600000000017,0.2361111111111111,0.4968888888888907,0.0,0.0,17.0,0.4722222222222222,0.9937777777777814,0.0,35.77600000000017,0.2361111111111111,0.4968888888888907,0.0,0.0,4.0,0.1111111111111111,0.0,0.0,0.0,1.0,0.0,0.0,0.05555555555555555,0.0,0.0,0.0,19.0,0.5277777777777778,0.9913333333333343,0.0,35.68800000000009,0.2638888888888889,0.49566666666666714,0.0,0.0,15.0,0.4166666666666667,0.9913333333333387,0.0,35.68800000000016,0.20833333333333334,0.49566666666666936,0.0,0.0,15.0,0.4166666666666667,0.9913333333333387,0.0,35.68800000000016,0.20833333333333334,0.49566666666666936,0.0,0.0,1.0,5000
