p,runs,total_ml_logical_failure,total_ml_logical_failure_ci_high,total_ml_logical_failure_ci_low,total_ml_logical_failure_stderr,total_uncorrectable_rate,total_uncorrectable_rate_ci_high,total_uncorrectable_rate_ci_low,total_uncorrectable_rate_failures,x_ml_logical_failure,x_ml_logical_failure_ci_high,x_ml_logical_failure_ci_low,x_ml_logical_failure_stderr,x_uncorrectable_rate,x_uncorrectable_rate_ci_high,x_uncorrectable_rate_ci_low,x_uncorrectable_rate_failures,z_ml_logical_failure,z_ml_logical_failure_ci_high,z_ml_logical_failure_ci_low,z_ml_logical_failure_stderr,z_uncorrectable_rate,z_uncorrectable_rate_ci_high,z_uncorrectable_rate_ci_low,z_uncorrectable_rate_failures
0.0,20000,0.0,0.0,0.0,0.0,0.0,0.00019203605610462553,0.0,0,0.0,0.0,0.0,0.0,0.0,0.00019203605610462553,0.0,0,0.0,0.0,0.0,0.0,0.0,0.00019203605610462553,0.0,0
0.025,20000,0.0,0.0,0.0,0.0,0.0,0.00019203605610462553,0.0,0,0.0,0.0,0.0,0.0,0.0,0.00019203605610462553,0.0,0,0.0,0.0,0.0,0.0,0.0,0.00019203605610462553,0.0,0
0.05,20000,0.000125,0.00023455435994452532,1.5445640055474684e-05,5.58961087084641e-05,0.00025,0.0005851504035326238,0.00010678963454394949,5,7.5e-05,0.00015986468629092506,0.0,4.329910496331917e-05,0.00015,0.0004409636272928435,5.101481799495055e-05,3,5e-05,0.00011929345872942269,0.0,3.535445512060459e-05,0.0001,0.0003645736136206778,2.7424035272726838e-05,2
0.07500000000000001,20000,0.000675,0.0009294412336523379,0.0004205587663476622,0.0001298193414059329,0.00135,0.00196351203514295,0.0009280055236101935,27,0.000325,0.0005016157548747746,0.0001483842451252254,9.011173484201605e-05,0.00065,0.0011118683512116193,0.0003799180580200702,13,0.00035,0.0005332782455491142,0.00016672175445088576,9.351102724069915e-05,0.0007,0.0011747302827432658,0.00041703692288281327,14
0.1,20000,0.0016375,0.0020401845590495436,0.0012348154409504565,0.00020545508092284758,0.0032,0.00408385183726393,0.0025069551880816257,64,0.000575,0.0008098621392276127,0.00034013786077238725,0.00011982982395603968,0.00115,0.0017251348523248564,0.0007664595208507284,23,0.0011,0.00142467365147088,0.0007753263485291201,0.0001656528660893079,0.0022,0.002951864074452466,0.0016393270230052992,44
0.125,20000,0.00395,0.004577991876852658,0.003322008123147342,0.00032040990640959627,0.00765,0.008955654605530654,0.006533443298915568,153,0.0015,0.001878985122590398,0.001121014877409602,0.00019336330951986067,0.003,0.003859306439206685,0.0023315774005613125,60,0.002575,0.0030710167835567813,0.0020789832164432188,0.0002530744378311531,0.00515,0.0062414842252658895,0.004248573859460859,103
0.15000000000000002,20000,0.008025,0.008918296144311624,0.007131703855688374,0.0004557717138466988,0.0155,0.017307415676329495,0.013878667262035887,310,0.00285,0.0033716871058237126,0.0023283128941762876,0.00026617178169533406,0.0057,0.006842480926671937,0.004747365918393096,114,0.00545,0.006169527347477968,0.004730472652522032,0.00036711253530856045,0.0109,0.012435867650256432,0.00955198201982511,218
0.17500000000000002,20000,0.0136125,0.014777148130913024,0.012447851869086975,0.000594219148973971,0.02605,0.028350202428133534,0.023931828549448038,521,0.0049,0.005582634846559618,0.004217365153440382,0.0003482894848804136,0.0098,0.0112624824517421,0.008525789697662874,196,0.0093,0.01023625349968482,0.008363746500315178,0.00047768913463199815,0.0186,0.020567007477183534,0.016817884837633995,372
0.2,20000,0.0220125,0.023485761387491,0.020539238612509003,0.0007516777854653935,0.04195,0.044817477245108386,0.03925844698588907,839,0.00795,0.008816826407049422,0.007083173592950579,0.00044226649769426256,0.0159,0.017728898721409793,0.014257030588110703,318,0.0151,0.016285928528559142,0.013914071471440859,0.0006050766942217279,0.0302,0.03266350396543053,0.027916933112885373,604
0.225,20000,0.0345375,0.036369498150642644,0.03270550184935735,0.0009347101095189575,0.06535,0.06885931285678178,0.06200762408678999,1307,0.012225,0.013295232545233258,0.011154767454766741,0.0005460470466167324,0.02445,0.02668347628471103,0.022399169208250073,489,0.024175,0.025661451762663236,0.02268854823733676,0.0007584076923801559,0.04835,0.05141054191038397,0.04546292425909533,967
0.25,20000,0.0502125,0.052399499486144474,0.048025500513855526,0.0011158365681182157,0.09425,0.09837756075124808,0.09027827650828081,1885,0.01825,0.019549529811856932,0.016950470188143066,0.0006630375976841715,0.0365,0.03918927765249625,0.033988739771512726,730,0.03505,0.036819257674005,0.033280742325995,0.0009026990740445643,0.0701,0.07372160645213224,0.06664350614890652,1402
0.275,20000,0.069325,0.07187067111224152,0.06677932888775848,0.0012988356583699774,0.1283,0.13300627318581087,0.12373648641829726,2566,0.025875,0.027410078389775976,0.02433992161022402,0.0007832176518979334,0.05175,0.05490707204380998,0.04876508828048782,1035,0.048625,0.050678253201688284,0.04657174679831172,0.0010475974139749907,0.09725,0.10143408031684904,0.09322060472634323,1945
0.30000000000000004,20000,0.0931875,0.09610869091419764,0.09026630908580237,0.0014904309146696706,0.169,0.1742571553756695,0.16386997249347174,3380,0.036225,0.038021394906279156,0.034428605093720845,0.0009165448551345283,0.07245,0.0761253981794209,0.06893881185215417,1449,0.06565,0.06799035225162595,0.06330964774837405,0.0011940792127234745,0.1313,0.13605147728360967,0.12669013010416186,2626
0.325,20000,0.1209375,0.12420170129776902,0.11767329870223099,0.0016654394282326678,0.2162,0.22195931637063848,0.2105496832948065,4324,0.048125,0.05016880039805136,0.04608119960194864,0.0010427744663537672,0.09625,0.1004153760396197,0.0922396930756848,1925,0.08565,0.08826090641955055,0.08303909358044946,0.0013321195900256504,0.1713,0.17658468469311614,0.166141559810167,3426
0.35000000000000003,20000,0.1549,0.15849576228076231,0.1513042377192377,0.001834606303547017,0.27285,0.2790663358633333,0.266720906116955,5457,0.063725,0.06603588874020082,0.06141411125979919,0.001179046532706116,0.12745,0.13214331494384549,0.12289977112155806,2549,0.10965,0.11251731469635103,0.10678268530364897,0.001462942543316125,0.2193,0.22508809327728296,0.21361971576461414,4386
0.375,20000,0.19045,0.19432406489235157,0.18657593510764844,0.001976600041077132,0.32975,0.33629759289788846,0.3232677953792152,6595,0.080625,0.08317347327355903,0.07807652672644097,0.0013002653587826456,0.16125,0.16641179708915466,0.15621830733885622,3225,0.1354,0.13847936816145837,0.13232063183854162,0.0015711350748013882,0.2708,0.277002162950228,0.2646858663778903,5416
0.4,20000,0.23015,0.234253898795108,0.226046101204892,0.002093864391120977,0.3921,0.39888634563373987,0.3853550957471675,7842,0.1011,0.10388324569998812,0.09831675430001187,0.0014200494100616184,0.2022,0.20782329987270318,0.1966910768023127,4044,0.16315,0.16639904529375374,0.15990095470624624,0.001657706631030873,0.3263,0.3328307464726696,0.3198359668532212,6526
0.42500000000000004,20000,0.2741,0.278372040184563,0.269827959815437,0.002179652390686922,0.45995,0.4668642854916914,0.4530510965964026,9199,0.1245,0.12749663327180447,0.12150336672819553,0.001528922620742793,0.249,0.25504093613489437,0.24305546596527014,4980,0.193725,0.19710092321333905,0.19034907678666096,0.0017224414529898972,0.38745,0.39422267757097884,0.3807205497452504,7749
0.45,20000,0.319375,0.32375044879308024,0.3149995512069198,0.0022324128543142743,0.5268,0.5337137487600014,0.5198759581073915,10536,0.150725,0.15390495041261082,0.14754504958738918,0.0016224534928671536,0.30145,0.3078473742126835,0.2951288833051957,6029,0.224625,0.22807195212072445,0.22117804787927553,0.0017586813573685933,0.44925,0.4561528226568241,0.44236666900287047,8985
0.47500000000000003,20000,0.3651125,0.36952706730351575,0.36069793269648426,0.0022523716447533262,0.591,0.5977956788218781,0.5841693706159108,11820,0.17885,0.18217156217500022,0.1755284378249998,0.0016947057196970274,0.3577,0.3643697033375302,0.35108495012403723,7154,0.255875,0.25933888932033416,0.2524111106796659,0.0017673229445320721,0.51175,0.5186746841809373,0.5048208029717443,10235
0.5,20000,0.4113375,0.41570921518242765,0.4069657848175724,0.0022305079159163836,0.6546,0.6611596974601753,0.647980924991277,13092,0.20835,0.21176642344560406,0.20493357655439595,0.0017431052165000792,0.4167,0.4235480353071209,0.4098839578998262,8334,0.287025,0.2904516372138783,0.28359836278612166,0.0017483164185195322,0.57405,0.5808882395257756,0.5671833199343151,11481
0.525,20000,0.4567375,0.46099517948403074,0.4524798205159693,0.0021723253680244886,0.7145,0.7207178084924172,0.7081998080395139,14290,0.23885,0.24231139840099372,0.2353886015990063,0.001766052043964475,0.4777,0.4846262427300571,0.4707823220780452,9554,0.317375,0.32071164822357534,0.3140383517764247,0.0017024028246918751,0.63475,0.6413966621594593,0.6280515841234204,12695
0.55,20000,0.4995125,0.5036046083175828,0.4954203916824172,0.0020878487308240608,0.7672,0.7730053996212629,0.7612919763103547,15344,0.2701,0.2735536293668476,0.26664637063315244,0.0017620881781957982,0.5402,0.5470987072785266,0.5332858530225627,10804,0.345325,0.34852808175303934,0.34212191824696064,0.0016342554140304734,0.69065,0.6970188811855023,0.6842078954663051,13813
0.5750000000000001,20000,0.5408,0.5446554347234877,0.5369445652765122,0.0019670946782180195,0.8164,0.8217047011857936,0.8109737783979034,16328,0.3019,0.3052893603538351,0.2985106396461649,0.001729297262893564,0.6038,0.6105579963117744,0.5970021370029783,12076,0.3715,0.37452813284389996,0.36847186715610003,0.0015449941263132741,0.743,0.7490090477934019,0.7368976226833313,14860
0.6000000000000001,20000,0.58065,0.5841986000594778,0.5771013999405222,0.0018105435035891625,0.8616,0.8663163978238002,0.8567447217004249,17232,0.334025,0.3372882832802591,0.3307617167197409,0.0016649710433454268,0.66805,0.6745435848479909,0.6614918718335524,13361,0.396475,0.39928285369140065,0.3936671463085994,0.001432604738428164,0.79295,0.7985090526163481,0.7872784334583802,15859
0.625,20000,0.6139125,0.6171402661228582,0.6106847338771417,0.001646849711687786,0.8967,0.9008421047852769,0.8924055338078097,17934,0.361925,0.365023209407449,0.358826790592551,0.0015807481320510388,0.72385,0.7300028307767416,0.7176111946809404,14477,0.41755,0.42012154142530983,0.4149784585746901,0.0013120350402322874,0.8351,0.840178511770534,0.8298927856646645,16702
0.65,20000,0.643125,0.6460248170011527,0.6402251829988472,0.001479525656607018,0.92405,0.9276406276369429,0.9202965065838749,18481,0.388775,0.3916570022998897,0.38589299770011026,0.0014704363562915246,0.77755,0.7832602538840298,0.7717331469012264,15551,0.43545,0.43777359921758674,0.43312640078241327,0.0011855315893123486,0.8709,0.8754759557202195,0.8661815919333621,17418
0.675,20000,0.6677625,0.6703226014284394,0.6652023985715607,0.0013061981998817671,0.9458,0.9488531082901455,0.9425756723622316,18916,0.411575,0.41421896668453884,0.4089310333154612,0.0013489873821121731,0.82315,0.8283756011316862,0.8178002859652534,16463,0.45105,0.4531093617521383,0.44899063824786173,0.0010507140786168948,0.9021,0.9061417312174087,0.8979038333862719,18042
0.7000000000000001,20000,0.6896875,0.6918671841387984,0.6875078158612016,0.0011121041794601794,0.96455,0.9670248303057493,0.9618967489945239,19291,0.432075,0.43444931504074974,0.42970068495925023,0.0012114074847691457,0.86415,0.8688286404101209,0.8593314997302182,17283,0.465025,0.46679250627017244,0.4632574937298276,0.0009018054842406816,0.93005,0.9335029642886684,0.926431865499476,18601
0.7250000000000001,20000,0.707675,0.7094711727523628,0.7058788272476373,0.0009164315092168941,0.97865,0.9805632962375462,0.9765528676459448,19573,0.45075,0.452814975655102,0.448685024344898,0.001053578367454846,0.9015,0.9055530687660317,0.8972927262809162,18030,0.475275,0.476777396579666,0.473772603420334,0.0007665429525831593,0.95055,0.9534691532464725,0.9474578030633716,19011
0.75,20000,0.72135,0.7228005537888531,0.719899446211147,0.0007400920630658666,0.9877,0.9891366256230523,0.9860760624078233,19754,0.46515,0.46691458204017006,0.46338541795982996,0.0009003135027423286,0.9303,0.9337470712492191,0.9266876625208973,18606,0.4837,0.4849306251791858,0.48246937482081426,0.0006278815268508767,0.9674,0.9697728311531316,0.9648476535416218,19348
0.775,20000,0.731075,0.7322328472399725,0.7299171527600276,0.0005907492428970173,0.99305,0.9941104528527264,0.9918001803923487,19861,0.476075,0.4775541343134364,0.47459586568656364,0.0007546742313142608,0.95215,0.9550223556672028,0.9491039861272619,19043,0.48955,0.4905412897680967,0.4885587102319033,0.0005057693793946572,0.9791,0.9809924690391363,0.9770235220119041,19582
0.8,20000,0.73815,0.7390452001255657,0.7372547998744342,0.00045674315070429433,0.9964,0.9971400942699381,0.9954692523335612,19928,0.484675,0.48586945420008804,0.483480545799912,0.0006094266065650887,0.96935,0.9716501870873978,0.9668695486667368,19387,0.493425,0.49421440960137375,0.49263559039862626,0.0004027674016463987,0.98685,0.9883379014657215,0.9851751130264493,19737
0.8250000000000001,20000,0.7429875,0.7436554446815679,0.7423195553184322,0.00034079436501717773,0.99835,0.9988248208626306,0.9976837768002499,19967,0.49045,0.49139851238517124,0.48950148761482876,0.00048394378297407015,0.9809,0.98270669186811,0.9789086078531286,19618,0.49635,0.49693990814981037,0.49576009185018965,0.00030097907638276285,0.9927,0.9937888456329284,0.9914219220373862,19854
0.8500000000000001,20000,0.7461625,0.7466514532387865,0.7456735467612134,0.0002494705222357407,0.9992,0.9995074914298606,0.9987007797717246,19984,0.4947,0.4954096641078606,0.49399033589213937,0.0003620801777269161,0.9894,0.9907282825518043,0.9878837525564804,19788,0.498025,0.4984596634000807,0.4975903365999193,0.00022177111595379943,0.99605,0.9968291663537923,0.9950803146749463,19921
0.875,20000,0.7481375,0.7484697369712725,0.7478052630287275,0.00016951177363112562,0.9997,0.9998625002862812,0.9993455788792479,19994,0.497275,0.497785182452495,0.49676481754750507,0.00026030195274974455,0.99455,0.9954796807668231,0.9934303763700838,19891,0.49915,0.4994354755717307,0.4988645244282693,0.0001456534783202493,0.9983,0.9987831548611703,0.9976254620053158,19966
0.9,20000,0.74925,0.7494661297618367,0.7490338702381633,0.00011027231293098899,0.99985,0.999948985182005,0.9995590363727073,19997,0.498875,0.499203334169989,0.498546665830011,0.00016752051189658924,0.99775,0.9983179241260579,0.99699090398009,19955,0.4997,0.49986969117344526,0.4995303088265547,8.65787202131083e-05,0.9994,0.9996567299330732,0.9989514644540893,19988
0.925,20000,0.749725,0.7498545866368851,0.7495954133631149,6.611684597639312e-05,0.99995,0.9999911737177268,0.9997168094297738,19999,0.499625,0.49981470626138835,0.4994352937386116,9.679068742321542e-05,0.99925,0.9995454198091459,0.9987628321888334,19985,0.49985,0.49997000778737183,0.4997299922126282,6.122958805285772e-05,0.9997,0.9998625002862812,0.9993455788792479,19994
0.9500000000000001,20000,0.749925,0.7499850038936858,0.7498649961063141,3.061479402642886e-05,1.0,0.9999999999999999,0.9998079639438954,20000,0.49985,0.49997000778737183,0.4997299922126282,6.122958805285772e-05,0.9997,0.9998625002862812,0.9993455788792479,19994,0.5,0.5,0.5,0.0,1.0,0.9999999999999999,0.9998079639438954,20000
0.9750000000000001,20000,0.7499875,0.7500119995498068,0.7499630004501933,1.2499999999999999e-05,1.0,0.9999999999999999,0.9998079639438954,20000,0.499975,0.5000239990996135,0.4999260009003865,2.4999999999999998e-05,0.99995,0.9999911737177268,0.9997168094297738,19999,0.5,0.5,0.5,0.0,1.0,0.9999999999999999,0.9998079639438954,20000
1.0,20000,0.75,0.75,0.75,0.0,1.0,0.9999999999999999,0.9998079639438954,20000,0.5,0.5,0.5,0.0,1.0,0.9999999999999999,0.9998079639438954,20000,0.5,0.5,0.5,0.0,1.0,0.9999999999999999,0.9998079639438954,20000
