p,p_low,p_high,exact_class_total_dp,exact_class_total_dp_stderr,exact_class_total_logical_norm_dp,exact_class_total_logical_norm_dp_stderr,exact_class_total_norm_dp,exact_class_total_norm_dp_stderr,exact_error_total_dp,exact_error_total_dp_stderr,exact_error_total_norm_dp,exact_error_total_norm_dp_stderr,exact_saved_by_stabilizers_total_dp,exact_saved_by_stabilizers_total_dp_stderr,exact_saved_by_stabilizers_total_norm_dp,exact_saved_by_stabilizers_total_norm_dp_stderr,exact_stabilizer_total_dp,exact_stabilizer_total_dp_stderr,exact_stabilizer_total_norm_dp,exact_stabilizer_total_norm_dp_stderr,exact_x_class_component_norm_dp,exact_x_class_component_norm_dp_stderr,exact_x_class_dp,exact_x_class_dp_stderr,exact_x_class_logical_norm_dp,exact_x_class_logical_norm_dp_stderr,exact_x_class_norm_dp,exact_x_class_norm_dp_stderr,exact_x_error_component_norm_dp,exact_x_error_component_norm_dp_stderr,exact_x_error_dp,exact_x_error_dp_stderr,exact_x_error_norm_dp,exact_x_error_norm_dp_stderr,exact_x_saved_by_stabilizers_component_norm_dp,exact_x_saved_by_stabilizers_component_norm_dp_stderr,exact_x_saved_by_stabilizers_dp,exact_x_saved_by_stabilizers_dp_stderr,exact_x_saved_by_stabilizers_norm_dp,exact_x_saved_by_stabilizers_norm_dp_stderr,exact_x_stabilizer_component_norm_dp,exact_x_stabilizer_component_norm_dp_stderr,exact_x_stabilizer_dp,exact_x_stabilizer_dp_stderr,exact_x_stabilizer_norm_dp,exact_x_stabilizer_norm_dp_stderr,exact_z_class_component_norm_dp,exact_z_class_component_norm_dp_stderr,exact_z_class_dp,exact_z_class_dp_stderr,exact_z_class_logical_norm_dp,exact_z_class_logical_norm_dp_stderr,exact_z_class_norm_dp,exact_z_class_norm_dp_stderr,exact_z_error_component_norm_dp,exact_z_error_component_norm_dp_stderr,exact_z_error_dp,exact_z_error_dp_stderr,exact_z_error_norm_dp,exact_z_error_norm_dp_stderr,exact_z_saved_by_stabilizers_component_norm_dp,exact_z_saved_by_stabilizers_component_norm_dp_stderr,exact_z_saved_by_stabilizers_dp,exact_z_saved_by_stabilizers_dp_stderr,exact_z_saved_by_stabilizers_norm_dp,exact_z_saved_by_stabilizers_norm_dp_stderr,exact_z_stabilizer_component_norm_dp,exact_z_stabilizer_component_norm_dp_stderr,exact_z_stabilizer_dp,exact_z_stabilizer_dp_stderr,exact_z_stabilizer_norm_dp,exact_z_stabilizer_norm_dp_stderr,runs
0.43,0.43,0.45,7.899999999999992,0.2525383718794931,3.949999999999996,0.12626918593974654,0.017873303167420796,0.0005713537825327898,150.79166666666654,1.4379880470167856,0.34115761689291074,0.003253366622209922,142.89166666666654,1.388053090279309,0.3232843137254899,0.003140391606966762,142.89166666666654,1.388053090279309,0.3232843137254899,0.003140391606966762,0.017911010558069363,0.0007886784882203159,3.9583333333333295,0.17429794589668982,3.9583333333333295,0.17429794589668982,0.008955505279034682,0.00039433924411015793,0.3431372549019605,0.003724444189444046,75.83333333333327,0.8231021658671341,0.17156862745098025,0.001862222094722023,0.32522624434389114,0.003623070276582145,71.87499999999994,0.8006985311246541,0.16261312217194557,0.0018115351382910726,0.32522624434389114,0.003623070276582145,71.87499999999994,0.8006985311246541,0.16261312217194557,0.0018115351382910726,0.01783559577677223,0.0007871587945139012,3.941666666666663,0.17396209358757217,3.941666666666663,0.17396209358757217,0.008917797888386115,0.0003935793972569506,0.339177978883861,0.0037132901416475407,74.95833333333327,0.8206371213041065,0.1695889894419305,0.0018566450708237703,0.32134238310708874,0.003604842830700081,71.01666666666661,0.7966702655847179,0.16067119155354437,0.0018024214153500404,0.32134238310708874,0.003604842830700081,71.01666666666661,0.7966702655847179,0.16067119155354437,0.0018024214153500404,6000
0.45,0.43,0.47,9.025000000000006,0.18183055482936875,4.512500000000003,0.09091527741468437,0.02041855203619911,0.00041138134576780257,161.80416666666673,1.1325952440665086,0.3660727752639519,0.0025624326788835036,152.7791666666667,1.0817623693509464,0.3456542232277527,0.002447426175002141,152.7791666666667,1.0817623693509464,0.3456542232277527,0.002447426175002141,0.02038084464555054,0.0005613171505293017,4.504166666666669,0.12405109026697568,4.504166666666669,0.12405109026697568,0.01019042232277527,0.00028065857526465084,0.3683069381598795,0.002850470830888631,81.39583333333337,0.6299540536263875,0.18415346907993976,0.0014252354154443154,0.347926093514329,0.0027404200284588966,76.89166666666671,0.6056328262894162,0.1739630467571645,0.0013702100142294483,0.347926093514329,0.0027404200284588966,76.89166666666671,0.6056328262894162,0.1739630467571645,0.0013702100142294483,0.020456259426847673,0.0005621260137736919,4.520833333333336,0.1242298490439859,4.520833333333336,0.1242298490439859,0.010228129713423836,0.00028106300688684593,0.36383861236802434,0.0028740028078659894,80.40833333333337,0.6351546205383837,0.18191930618401217,0.0014370014039329947,0.3433823529411767,0.0027596689964256215,75.88750000000005,0.6098868482100623,0.17169117647058835,0.0013798344982128108,0.3433823529411767,0.0027596689964256215,75.88750000000005,0.6098868482100623,0.17169117647058835,0.0013798344982128108,6000
0.47,0.45,0.49,10.862500000000004,0.19268817173012617,5.431250000000002,0.09634408586506309,0.02457579185520363,0.0004359460898871633,187.17500000000007,1.2187855850054339,0.4234728506787332,0.0027574334502385384,176.31250000000009,1.170719301263047,0.3988970588235296,0.002648686201952595,176.31250000000009,1.170719301263047,0.3988970588235296,0.002648686201952595,0.024076168929110117,0.0005978076592972882,5.3208333333333355,0.1321154927047007,5.3208333333333355,0.1321154927047007,0.012038084464555059,0.0002989038296486441,0.4249622926093516,0.0030509856858786403,93.9166666666667,0.6742678365791795,0.2124811463046758,0.0015254928429393202,0.4008861236802415,0.0029470047015206706,88.59583333333337,0.6512880390360682,0.20044306184012076,0.0014735023507603353,0.4008861236802415,0.0029470047015206706,88.59583333333337,0.6512880390360682,0.20044306184012076,0.0014735023507603353,0.025075414781297142,0.0006066543477059478,5.541666666666669,0.13407061084301447,5.541666666666669,0.13407061084301447,0.012537707390648571,0.0003033271738529739,0.4219834087481148,0.0030254143096354823,93.25833333333337,0.6686165624294416,0.2109917043740574,0.0015127071548177412,0.3969079939668177,0.0029151699257846274,87.71666666666671,0.6442525535984026,0.19845399698340885,0.0014575849628923137,0.3969079939668177,0.0029151699257846274,87.71666666666671,0.6442525535984026,0.19845399698340885,0.0014575849628923137,6000
0.49,0.47,0.5,11.499999999999991,0.23281309003228942,5.749999999999996,0.11640654501614471,0.026018099547511293,0.0005267264480368539,207.26111111111092,1.4397732776295245,0.46891654097536406,0.0032574056054966616,195.76111111111092,1.3979319446361809,0.4428984414278528,0.0031627419561904542,195.76111111111092,1.3979319446361809,0.4428984414278528,0.0031627419561904542,0.025917546505781777,0.000734614711359914,5.7277777777777725,0.162349851210541,5.7277777777777725,0.162349851210541,0.012958773252890889,0.000367307355679957,0.4689542483660127,0.003578374021080184,103.6388888888888,0.7908206586587206,0.23447712418300634,0.001789187010540092,0.44303670186023086,0.0035049332114689908,97.91111111111103,0.7745902397346469,0.22151835093011543,0.0017524666057344954,0.44303670186023086,0.0035049332114689908,97.91111111111103,0.7745902397346469,0.22151835093011543,0.0017524666057344954,0.0261186525892408,0.0007368654222628801,5.772222222222217,0.1628472583200965,5.772222222222217,0.1628472583200965,0.0130593262946204,0.00036843271113144006,0.46887883358471555,0.003589453768455038,103.62222222222213,0.7932692828285635,0.23443941679235777,0.001794726884227519,0.44276018099547476,0.003481738523366633,97.84999999999992,0.7694642136640258,0.22138009049773738,0.0017408692616833164,0.44276018099547476,0.003481738523366633,97.84999999999992,0.7694642136640258,0.22138009049773738,0.0017408692616833164,6000
0.5,0.49,0.51,11.54999999999999,0.30185223061655164,5.774999999999995,0.15092611530827582,0.02613122171945699,0.0006829235986799811,226.72499999999985,1.824388151642801,0.5129524886877824,0.0041275750037167444,215.17499999999984,1.7745477543462742,0.48682126696832545,0.004014813923860349,215.17499999999984,1.7745477543462742,0.48682126696832545,0.004014813923860349,0.02631975867269983,0.0009365578800727866,5.816666666666662,0.20697929149608585,5.816666666666662,0.20697929149608585,0.013159879336349914,0.0004682789400363933,0.5123680241327296,0.004525532573703803,113.23333333333325,1.0001426987885405,0.2561840120663648,0.0022627662868519014,0.4860482654600298,0.004415190619463218,107.41666666666659,0.9757571269013712,0.2430241327300149,0.002207595309731609,0.4860482654600298,0.004415190619463218,107.41666666666659,0.9757571269013712,0.2430241327300149,0.002207595309731609,0.025942684766214155,0.0009307012594157808,5.733333333333328,0.20568497833088756,5.733333333333328,0.20568497833088756,0.012971342383107078,0.0004653506297078904,0.5135369532428352,0.004540345053998843,113.49166666666659,1.0034162569337444,0.2567684766214176,0.0022701725269994215,0.4875942684766211,0.004435845622825482,107.75833333333325,0.9803218826444315,0.24379713423831054,0.002217922811412741,0.4875942684766211,0.004435845622825482,107.75833333333325,0.9803218826444315,0.24379713423831054,0.002217922811412741,6000
0.51,0.5,0.53,11.683333333333323,0.2376715451892887,5.8416666666666615,0.11883577259464435,0.026432880844645526,0.0005377184280300649,248.1833333333331,1.5725022465773615,0.5615007541478124,0.003557697390446519,236.49999999999977,1.5384840165213802,0.5350678733031669,0.0034807330690528964,236.49999999999977,1.5384840165213802,0.5350678733031669,0.0034807330690528964,0.026143790849673186,0.0007371456348768319,5.777777777777774,0.16290918530777984,5.777777777777774,0.16290918530777984,0.013071895424836593,0.00036857281743841596,0.5593514328808441,0.0038262238979656182,123.61666666666655,0.8455954814504016,0.27967571644042205,0.0019131119489828091,0.5332076420311711,0.0037450337908031977,117.8388888888888,0.8276524677675067,0.26660382101558555,0.0018725168954015989,0.5332076420311711,0.0037450337908031977,117.8388888888888,0.8276524677675067,0.26660382101558555,0.0018725168954015989,0.026721970839617873,0.0007435222786644033,5.90555555555555,0.16431842358483315,5.90555555555555,0.16431842358483315,0.013360985419808936,0.00037176113933220167,0.5636500754147808,0.00389156024511516,124.56666666666656,0.8600348141704504,0.2818250377073904,0.00194578012255758,0.5369281045751629,0.0038276568908907284,118.66111111111101,0.8459121728868509,0.26846405228758147,0.0019138284454453642,0.5369281045751629,0.0038276568908907284,118.66111111111101,0.8459121728868509,0.26846405228758147,0.0019138284454453642,6000
0.53,0.51,0.55,10.720833333333324,0.1928392045768718,5.360416666666662,0.0964196022884359,0.02425527903469078,0.0004362877931603434,267.2999999999998,1.435455049677412,0.604751131221719,0.00324763585899867,256.5791666666664,1.4178472937434594,0.5804958521870281,0.003207799307111899,256.5791666666664,1.4178472937434594,0.5804958521870281,0.003207799307111899,0.024622926093514307,0.0006026986028903774,5.441666666666662,0.13319639123877342,5.441666666666662,0.13319639123877342,0.012311463046757154,0.0003013493014451887,0.6028092006033178,0.0034552095750691263,133.22083333333322,0.7636013160902769,0.3014046003016589,0.0017276047875345632,0.5781862745098034,0.0034245468633221933,127.77916666666655,0.7568248567942047,0.2890931372549017,0.0017122734316610967,0.5781862745098034,0.0034245468633221933,127.77916666666655,0.7568248567942047,0.2890931372549017,0.0017122734316610967,0.02388763197586725,0.0005960924392143806,5.279166666666662,0.1317364290663781,5.279166666666662,0.1317364290663781,0.011943815987933626,0.0002980462196071903,0.6066930618401201,0.0035201151709954286,134.07916666666654,0.7779454527899897,0.30334653092006003,0.0017600575854977143,0.5828054298642529,0.003484572448911436,128.7999999999999,0.7700905112094273,0.29140271493212644,0.001742286224455718,0.5828054298642529,0.003484572448911436,128.7999999999999,0.7700905112094273,0.29140271493212644,0.001742286224455718,6000
0.55,0.53,0.57,8.654166666666683,0.1771844426480212,4.327083333333341,0.0885922213240106,0.019579562594268515,0.0004008697797466543,288.6750000000005,1.465703812507799,0.653110859728508,0.0033160719739995454,280.0208333333339,1.4522566414219416,0.6335312971342395,0.003285648510004393,280.0208333333339,1.4522566414219416,0.6335312971342395,0.003285648510004393,0.019702111613876357,0.0005539072228036264,4.354166666666675,0.12241349623960145,4.354166666666675,0.12241349623960145,0.009851055806938179,0.0002769536114018132,0.6542797888386136,0.0035236973279817157,144.59583333333362,0.7787371094839591,0.3271398944193068,0.0017618486639908578,0.6345776772247372,0.0034990538526084728,140.24166666666693,0.7732909014264725,0.3172888386123686,0.0017495269263042364,0.6345776772247372,0.0034990538526084728,140.24166666666693,0.7732909014264725,0.3172888386123686,0.0017495269263042364,0.019457013574660665,0.0005511726966568076,4.300000000000007,0.12180916596115449,4.300000000000007,0.12180916596115449,0.009728506787330332,0.0002755863483284038,0.6519419306184024,0.0035532278431259475,144.07916666666694,0.7852633533308344,0.3259709653092012,0.0017766139215629737,0.6324849170437418,0.0035301234818401915,139.77916666666692,0.7801572894866823,0.3162424585218709,0.0017650617409200957,0.6324849170437418,0.0035301234818401915,139.77916666666692,0.7801572894866823,0.3162424585218709,0.0017650617409200957,6000
0.57,0.55,0.57,7.516666666666703,0.24474236603051555,3.7583333333333515,0.12237118301525778,0.017006033182503853,0.0005537157602500352,297.6583333333347,2.102849465200431,0.6734351432880876,0.004757577975566586,290.1416666666681,2.073142857751022,0.6564291101055839,0.004690368456450276,290.1416666666681,2.073142857751022,0.6564291101055839,0.004690368456450276,0.01662895927601818,0.000762262721425779,3.6750000000000176,0.16846006143509717,3.6750000000000176,0.16846006143509717,0.00831447963800909,0.0003811313607128895,0.676583710407243,0.00504848960312091,149.5250000000007,1.1157162022897211,0.3382918552036215,0.002524244801560455,0.6599547511312248,0.004990154668344771,145.85000000000068,1.1028241817041944,0.3299773755656124,0.0024950773341723856,0.6599547511312248,0.004990154668344771,145.85000000000068,1.1028241817041944,0.3299773755656124,0.0024950773341723856,0.017383107088989526,0.0007779527038413691,3.841666666666685,0.17192754754894257,3.841666666666685,0.17192754754894257,0.008691553544494763,0.00038897635192068457,0.6702865761689323,0.005091290338174691,148.13333333333404,1.1251751647366068,0.33514328808446614,0.0025456451690873457,0.6529034690799427,0.005032738175687703,144.29166666666734,1.1122351368269825,0.32645173453997134,0.0025163690878438516,0.6529034690799427,0.005032738175687703,144.29166666666734,1.1122351368269825,0.32645173453997134,0.0025163690878438516,6000
