p,dual_primal_residual_total,dual_primal_residual_total_dp,dual_primal_residual_total_norm,dual_primal_residual_total_norm_dp,dual_primal_residual_total_norm_stderr,dual_primal_residual_total_stderr,dual_primal_x_residual,dual_primal_x_residual_component_norm,dual_primal_x_residual_component_norm_dp,dual_primal_x_residual_component_norm_stderr,dual_primal_x_residual_dp,dual_primal_x_residual_norm,dual_primal_x_residual_norm_dp,dual_primal_x_residual_norm_stderr,dual_primal_x_residual_stderr,dual_primal_z_residual,dual_primal_z_residual_component_norm,dual_primal_z_residual_component_norm_dp,dual_primal_z_residual_component_norm_stderr,dual_primal_z_residual_dp,dual_primal_z_residual_norm,dual_primal_z_residual_norm_dp,dual_primal_z_residual_norm_stderr,dual_primal_z_residual_stderr,exact_class_total,exact_class_total_dp,exact_class_total_logical_norm,exact_class_total_logical_norm_dp,exact_class_total_logical_norm_stderr,exact_class_total_norm,exact_class_total_norm_dp,exact_class_total_norm_stderr,exact_class_total_stderr,exact_error_total,exact_error_total_dp,exact_error_total_norm,exact_error_total_norm_dp,exact_error_total_norm_stderr,exact_error_total_stderr,exact_saved_by_stabilizers_total,exact_saved_by_stabilizers_total_dp,exact_saved_by_stabilizers_total_norm,exact_saved_by_stabilizers_total_norm_dp,exact_saved_by_stabilizers_total_norm_stderr,exact_saved_by_stabilizers_total_stderr,exact_stabilizer_total,exact_stabilizer_total_dp,exact_stabilizer_total_norm,exact_stabilizer_total_norm_dp,exact_stabilizer_total_norm_stderr,exact_stabilizer_total_stderr,exact_x_class,exact_x_class_component_norm,exact_x_class_component_norm_dp,exact_x_class_component_norm_stderr,exact_x_class_dp,exact_x_class_logical_norm,exact_x_class_logical_norm_dp,exact_x_class_logical_norm_stderr,exact_x_class_norm,exact_x_class_norm_dp,exact_x_class_norm_stderr,exact_x_class_stderr,exact_x_error,exact_x_error_component_norm,exact_x_error_component_norm_dp,exact_x_error_component_norm_stderr,exact_x_error_dp,exact_x_error_norm,exact_x_error_norm_dp,exact_x_error_norm_stderr,exact_x_error_stderr,exact_x_saved_by_stabilizers,exact_x_saved_by_stabilizers_component_norm,exact_x_saved_by_stabilizers_component_norm_dp,exact_x_saved_by_stabilizers_component_norm_stderr,exact_x_saved_by_stabilizers_dp,exact_x_saved_by_stabilizers_norm,exact_x_saved_by_stabilizers_norm_dp,exact_x_saved_by_stabilizers_norm_stderr,exact_x_saved_by_stabilizers_stderr,exact_x_stabilizer,exact_x_stabilizer_component_norm,exact_x_stabilizer_component_norm_dp,exact_x_stabilizer_component_norm_stderr,exact_x_stabilizer_dp,exact_x_stabilizer_norm,exact_x_stabilizer_norm_dp,exact_x_stabilizer_norm_stderr,exact_x_stabilizer_stderr,exact_z_class,exact_z_class_component_norm,exact_z_class_component_norm_dp,exact_z_class_component_norm_stderr,exact_z_class_dp,exact_z_class_logical_norm,exact_z_class_logical_norm_dp,exact_z_class_logical_norm_stderr,exact_z_class_norm,exact_z_class_norm_dp,exact_z_class_norm_stderr,exact_z_class_stderr,exact_z_error,exact_z_error_component_norm,exact_z_error_component_norm_dp,exact_z_error_component_norm_stderr,exact_z_error_dp,exact_z_error_norm,exact_z_error_norm_dp,exact_z_error_norm_stderr,exact_z_error_stderr,exact_z_saved_by_stabilizers,exact_z_saved_by_stabilizers_component_norm,exact_z_saved_by_stabilizers_component_norm_dp,exact_z_saved_by_stabilizers_component_norm_stderr,exact_z_saved_by_stabilizers_dp,exact_z_saved_by_stabilizers_norm,exact_z_saved_by_stabilizers_norm_dp,exact_z_saved_by_stabilizers_norm_stderr,exact_z_saved_by_stabilizers_stderr,exact_z_stabilizer,exact_z_stabilizer_component_norm,exact_z_stabilizer_component_norm_dp,exact_z_stabilizer_component_norm_stderr,exact_z_stabilizer_dp,exact_z_stabilizer_norm,exact_z_stabilizer_norm_dp,exact_z_stabilizer_norm_stderr,exact_z_stabilizer_stderr,peel_aided_guess_total,peel_aided_guess_total_dp,peel_aided_guess_total_logical_norm,peel_aided_guess_total_logical_norm_dp,peel_aided_guess_total_logical_norm_stderr,peel_aided_guess_total_norm,peel_aided_guess_total_norm_dp,peel_aided_guess_total_norm_stderr,peel_aided_guess_total_stderr,peel_residual_qubits_total,peel_residual_qubits_total_dp,peel_residual_qubits_total_norm,peel_residual_qubits_total_norm_dp,peel_residual_qubits_total_norm_stderr,peel_residual_qubits_total_stderr,peel_saved_guess_total,peel_saved_guess_total_dp,peel_saved_guess_total_norm,peel_saved_guess_total_norm_dp,peel_saved_guess_total_norm_stderr,peel_saved_guess_total_stderr,peel_stabilizer_found_total,peel_stabilizer_found_total_dp,peel_stabilizer_found_total_norm,peel_stabilizer_found_total_norm_dp,peel_stabilizer_found_total_norm_stderr,peel_stabilizer_found_total_stderr,peel_unassisted_guess_total,peel_unassisted_guess_total_dp,peel_unassisted_guess_total_norm,peel_unassisted_guess_total_norm_dp,peel_unassisted_guess_total_norm_stderr,peel_unassisted_guess_total_stderr,peel_x_aided_guess,peel_x_aided_guess_component_norm,peel_x_aided_guess_component_norm_dp,peel_x_aided_guess_component_norm_stderr,peel_x_aided_guess_dp,peel_x_aided_guess_logical_norm,peel_x_aided_guess_logical_norm_dp,peel_x_aided_guess_logical_norm_stderr,peel_x_aided_guess_norm,peel_x_aided_guess_norm_dp,peel_x_aided_guess_norm_stderr,peel_x_aided_guess_stderr,peel_x_residual_qubits,peel_x_residual_qubits_component_norm,peel_x_residual_qubits_component_norm_dp,peel_x_residual_qubits_component_norm_stderr,peel_x_residual_qubits_dp,peel_x_residual_qubits_norm,peel_x_residual_qubits_norm_dp,peel_x_residual_qubits_norm_stderr,peel_x_residual_qubits_stderr,peel_x_saved_guess,peel_x_saved_guess_component_norm,peel_x_saved_guess_component_norm_dp,peel_x_saved_guess_component_norm_stderr,peel_x_saved_guess_dp,peel_x_saved_guess_norm,peel_x_saved_guess_norm_dp,peel_x_saved_guess_norm_stderr,peel_x_saved_guess_stderr,peel_x_stabilizer_found,peel_x_stabilizer_found_component_norm,peel_x_stabilizer_found_component_norm_dp,peel_x_stabilizer_found_component_norm_stderr,peel_x_stabilizer_found_dp,peel_x_stabilizer_found_norm,peel_x_stabilizer_found_norm_dp,peel_x_stabilizer_found_norm_stderr,peel_x_stabilizer_found_stderr,peel_x_unassisted_guess,peel_x_unassisted_guess_component_norm,peel_x_unassisted_guess_component_norm_dp,peel_x_unassisted_guess_component_norm_stderr,peel_x_unassisted_guess_dp,peel_x_unassisted_guess_norm,peel_x_unassisted_guess_norm_dp,peel_x_unassisted_guess_norm_stderr,peel_x_unassisted_guess_stderr,peel_z_aided_guess,peel_z_aided_guess_component_norm,peel_z_aided_guess_component_norm_dp,peel_z_aided_guess_component_norm_stderr,peel_z_aided_guess_dp,peel_z_aided_guess_logical_norm,peel_z_aided_guess_logical_norm_dp,peel_z_aided_guess_logical_norm_stderr,peel_z_aided_guess_norm,peel_z_aided_guess_norm_dp,peel_z_aided_guess_norm_stderr,peel_z_aided_guess_stderr,peel_z_residual_qubits,peel_z_residual_qubits_component_norm,peel_z_residual_qubits_component_norm_dp,peel_z_residual_qubits_component_norm_stderr,peel_z_residual_qubits_dp,peel_z_residual_qubits_norm,peel_z_residual_qubits_norm_dp,peel_z_residual_qubits_norm_stderr,peel_z_residual_qubits_stderr,peel_z_saved_guess,peel_z_saved_guess_component_norm,peel_z_saved_guess_component_norm_dp,peel_z_saved_guess_component_norm_stderr,peel_z_saved_guess_dp,peel_z_saved_guess_norm,peel_z_saved_guess_norm_dp,peel_z_saved_guess_norm_stderr,peel_z_saved_guess_stderr,peel_z_stabilizer_found,peel_z_stabilizer_found_component_norm,peel_z_stabilizer_found_component_norm_dp,peel_z_stabilizer_found_component_norm_stderr,peel_z_stabilizer_found_dp,peel_z_stabilizer_found_norm,peel_z_stabilizer_found_norm_dp,peel_z_stabilizer_found_norm_stderr,peel_z_stabilizer_found_stderr,peel_z_unassisted_guess,peel_z_unassisted_guess_component_norm,peel_z_unassisted_guess_component_norm_dp,peel_z_unassisted_guess_component_norm_stderr,peel_z_unassisted_guess_dp,peel_z_unassisted_guess_norm,peel_z_unassisted_guess_norm_dp,peel_z_unassisted_guess_norm_stderr,peel_z_unassisted_guess_stderr,runs
0.0,0.0,0.0,0.0,0.0,0.0,0.0,0.0,0.0,0.0,0.0,0.0,0.0,0.0,0.0,0.0,0.0,0.0,0.0,0.0,0.0,0.0,0.0,0.0,0.0,0.0,0.0,0.0,0.0,0.0,0.0,0.0,0.0,0.0,0.0,0.0,0.0,0.0,0.0,0.0,0.0,0.0,0.0,0.0,0.0,0.0,0.0,0.0,0.0,0.0,0.0,0.0,0.0,0.0,0.0,0.0,0.0,0.0,0.0,0.0,0.0,0.0,0.0,0.0,0.0,0.0,0.0,0.0,0.0,0.0,0.0,0.0,0.0,0.0,0.0,0.0,0.0,0.0,0.0,0.0,0.0,0.0,0.0,0.0,0.0,0.0,0.0,0.0,0.0,0.0,0.0,0.0,0.0,0.0,0.0,0.0,0.0,0.0,0.0,0.0,0.0,0.0,0.0,0.0,0.0,0.0,0.0,0.0,0.0,0.0,0.0,0.0,0.0,0.0,0.0,0.0,0.0,0.0,0.0,0.0,0.0,0.0,0.0,0.0,0.0,0.0,0.0,0.0,0.0,0.0,0.0,0.0,0.0,0.0,0.0,0.0,0.0,0.0,0.0,0.0,0.0,0.0,0.0,0.0,0.0,0.0,0.0,0.0,0.0,0.0,0.0,0.0,0.0,0.0,0.0,0.0,0.0,0.0,0.0,0.0,0.0,0.0,0.0,0.0,0.0,0.0,0.0,0.0,0.0,0.0,0.0,0.0,0.0,0.0,0.0,0.0,0.0,0.0,0.0,0.0,0.0,0.0,0.0,0.0,0.0,0.0,0.0,0.0,0.0,0.0,0.0,0.0,0.0,0.0,0.0,0.0,0.0,0.0,0.0,0.0,0.0,0.0,0.0,0.0,0.0,0.0,0.0,0.0,0.0,0.0,0.0,0.0,0.0,0.0,0.0,0.0,0.0,0.0,0.0,0.0,0.0,0.0,0.0,0.0,0.0,0.0,0.0,0.0,0.0,0.0,0.0,0.0,0.0,0.0,0.0,0.0,0.0,0.0,0.0,0.0,0.0,0.0,0.0,0.0,0.0,0.0,0.0,0.0,0.0,0.0,0.0,0.0,0.0,0.0,0.0,0.0,0.0,0.0,0.0,100
0.05,0.0,0.0,0.0,0.0,0.0,0.0,0.0,0.0,0.0,0.0,0.0,0.0,0.0,0.0,0.0,0.0,0.0,0.0,0.0,0.0,0.0,0.0,0.0,0.0,0.0,0.0,0.0,0.0,0.0,0.0,0.0,0.0,0.0,0.0,0.0,0.0,0.0,0.0,0.0,0.0,0.0,0.0,0.0,0.0,0.0,0.0,0.0,0.0,0.0,0.0,0.0,0.0,0.0,0.0,0.0,0.0,0.0,0.0,0.0,0.0,0.0,0.0,0.0,0.0,0.0,0.0,0.0,0.0,0.0,0.0,0.0,0.0,0.0,0.0,0.0,0.0,0.0,0.0,0.0,0.0,0.0,0.0,0.0,0.0,0.0,0.0,0.0,0.0,0.0,0.0,0.0,0.0,0.0,0.0,0.0,0.0,0.0,0.0,0.0,0.0,0.0,0.0,0.0,0.0,0.0,0.0,0.0,0.0,0.0,0.0,0.0,0.0,0.0,0.0,0.0,0.0,0.0,0.0,0.0,0.0,0.0,0.0,0.0,0.0,0.0,0.0,0.0,0.0,0.0,0.0,0.0,0.0,0.0,0.0,0.0,0.0,0.0,0.0,0.0,0.0,0.0,0.0,0.0,0.0,0.0,0.0,0.0,0.0,0.0,0.0,0.0,0.0,0.0,0.0,0.0,0.0,0.0,0.0,0.0,0.0,0.0,0.0,0.0,0.0,0.0,0.0,0.0,0.0,0.0,0.0,0.0,0.0,0.0,0.0,0.0,0.0,0.0,0.0,0.0,0.0,0.0,0.0,0.0,0.0,0.0,0.0,0.0,0.0,0.0,0.0,0.0,0.0,0.0,0.0,0.0,0.0,0.0,0.0,0.0,0.0,0.0,0.0,0.0,0.0,0.0,0.0,0.0,0.0,0.0,0.0,0.0,0.0,0.0,0.0,0.0,0.0,0.0,0.0,0.0,0.0,0.0,0.0,0.0,0.0,0.0,0.0,0.0,0.0,0.0,0.0,0.0,0.0,0.0,0.0,0.0,0.0,0.0,0.0,0.0,0.0,0.0,0.0,0.0,0.0,0.0,0.0,0.0,0.0,0.0,0.0,0.0,0.0,0.0,0.0,0.0,0.0,0.0,0.0,100
0.1,0.0,0.0,0.0,0.0,0.0,0.0,0.0,0.0,0.0,0.0,0.0,0.0,0.0,0.0,0.0,0.0,0.0,0.0,0.0,0.0,0.0,0.0,0.0,0.0,0.0,0.0,0.0,0.0,0.0,0.0,0.0,0.0,0.0,0.0,0.0,0.0,0.0,0.0,0.0,0.0,0.0,0.0,0.0,0.0,0.0,0.0,0.0,0.0,0.0,0.0,0.0,0.0,0.0,0.0,0.0,0.0,0.0,0.0,0.0,0.0,0.0,0.0,0.0,0.0,0.0,0.0,0.0,0.0,0.0,0.0,0.0,0.0,0.0,0.0,0.0,0.0,0.0,0.0,0.0,0.0,0.0,0.0,0.0,0.0,0.0,0.0,0.0,0.0,0.0,0.0,0.0,0.0,0.0,0.0,0.0,0.0,0.0,0.0,0.0,0.0,0.0,0.0,0.0,0.0,0.0,0.0,0.0,0.0,0.0,0.0,0.0,0.0,0.0,0.0,0.0,0.0,0.0,0.0,0.0,0.0,0.0,0.0,0.0,0.0,0.0,0.0,0.0,0.0,0.0,0.0,0.0,0.0,0.0,0.0,0.0,0.0,0.0,0.0,0.0,0.0,0.0,0.0,0.0,0.0,0.0,0.0,0.0,0.0,0.0,0.0,0.0,0.0,0.0,0.0,0.0,0.0,0.0,0.0,0.0,0.0,0.0,0.0,0.0,0.0,0.0,0.0,0.0,0.0,0.0,0.0,0.0,0.0,0.0,0.0,0.0,0.0,0.0,0.0,0.0,0.0,0.0,0.0,0.0,0.0,0.0,0.0,0.0,0.0,0.0,0.0,0.0,0.0,0.0,0.0,0.0,0.0,0.0,0.0,0.0,0.0,0.0,0.0,0.0,0.0,0.0,0.0,0.0,0.0,0.0,0.0,0.0,0.0,0.0,0.0,0.0,0.0,0.0,0.0,0.0,0.0,0.0,0.0,0.0,0.0,0.0,0.0,0.0,0.0,0.0,0.0,0.0,0.0,0.0,0.0,0.0,0.0,0.0,0.0,0.0,0.0,0.0,0.0,0.0,0.0,0.0,0.0,0.0,0.0,0.0,0.0,0.0,0.0,0.0,0.0,0.0,0.0,0.0,0.0,100
0.15,0.0,0.0,0.0,0.0,0.0,0.0,0.0,0.0,0.0,0.0,0.0,0.0,0.0,0.0,0.0,0.0,0.0,0.0,0.0,0.0,0.0,0.0,0.0,0.0,0.0,0.0,0.0,0.0,0.0,0.0,0.0,0.0,0.0,0.0,0.0,0.0,0.0,0.0,0.0,0.0,0.0,0.0,0.0,0.0,0.0,0.0,0.0,0.0,0.0,0.0,0.0,0.0,0.0,0.0,0.0,0.0,0.0,0.0,0.0,0.0,0.0,0.0,0.0,0.0,0.0,0.0,0.0,0.0,0.0,0.0,0.0,0.0,0.0,0.0,0.0,0.0,0.0,0.0,0.0,0.0,0.0,0.0,0.0,0.0,0.0,0.0,0.0,0.0,0.0,0.0,0.0,0.0,0.0,0.0,0.0,0.0,0.0,0.0,0.0,0.0,0.0,0.0,0.0,0.0,0.0,0.0,0.0,0.0,0.0,0.0,0.0,0.0,0.0,0.0,0.0,0.0,0.0,0.0,0.0,0.0,0.0,0.0,0.0,0.0,0.0,0.0,0.0,0.0,0.0,0.0,0.0,0.0,0.0,0.0,0.0,0.0,0.0,0.0,0.0,0.0,0.0,0.0,0.0,0.0,0.0,0.0,0.0,0.0,0.0,0.0,0.0,0.0,0.0,0.0,0.0,0.0,0.0,0.0,0.0,0.0,0.0,0.0,0.0,0.0,0.0,0.0,0.0,0.0,0.0,0.0,0.0,0.0,0.0,0.0,0.0,0.0,0.0,0.0,0.0,0.0,0.0,0.0,0.0,0.0,0.0,0.0,0.0,0.0,0.0,0.0,0.0,0.0,0.0,0.0,0.0,0.0,0.0,0.0,0.0,0.0,0.0,0.0,0.0,0.0,0.0,0.0,0.0,0.0,0.0,0.0,0.0,0.0,0.0,0.0,0.0,0.0,0.0,0.0,0.0,0.0,0.0,0.0,0.0,0.0,0.0,0.0,0.0,0.0,0.0,0.0,0.0,0.0,0.0,0.0,0.0,0.0,0.0,0.0,0.0,0.0,0.0,0.0,0.0,0.0,0.0,0.0,0.0,0.0,0.0,0.0,0.0,0.0,0.0,0.0,0.0,0.0,0.0,0.0,100
0.2,0.0,0.0,0.0,0.0,0.0,0.0,0.0,0.0,0.0,0.0,0.0,0.0,0.0,0.0,0.0,0.0,0.0,0.0,0.0,0.0,0.0,0.0,0.0,0.0,0.0,0.0,0.0,0.0,0.0,0.0,0.0,0.0,0.0,0.0,0.6000000000000003,0.0,0.002083333333333334,0.0,0.0,0.0,0.6000000000000003,0.0,0.002083333333333334,0.0,0.0,0.0,0.6000000000000003,0.0,0.002083333333333334,0.0,0.0,0.0,0.0,0.0,0.0,0.0,0.0,0.0,0.0,0.0,0.0,0.0,0.0,0.0,0.0,0.002083333333333334,0.0,0.30000000000000016,0.0,0.001041666666666667,0.0,0.0,0.0,0.0,0.002083333333333334,0.0,0.30000000000000016,0.0,0.001041666666666667,0.0,0.0,0.0,0.0,0.002083333333333334,0.0,0.30000000000000016,0.0,0.001041666666666667,0.0,0.0,0.0,0.0,0.0,0.0,0.0,0.0,0.0,0.0,0.0,0.0,0.0,0.0,0.0,0.0,0.002083333333333334,0.0,0.30000000000000016,0.0,0.001041666666666667,0.0,0.0,0.0,0.0,0.002083333333333334,0.0,0.30000000000000016,0.0,0.001041666666666667,0.0,0.0,0.0,0.0,0.002083333333333334,0.0,0.30000000000000016,0.0,0.001041666666666667,0.0,0.0,0.0,0.0,0.0,0.0,0.0,0.0,0.0,0.0,0.0,0.0,3.600000000000002,0.0,0.012500000000000008,0.0,0.0,0.0,0.6000000000000003,0.0,0.002083333333333334,0.0,0.0,0.0,0.6000000000000003,0.0,0.002083333333333334,0.0,0.0,0.0,0.6000000000000003,0.0,0.002083333333333334,0.0,0.0,0.0,0.0,0.0,0.0,0.0,0.0,0.0,0.0,0.0,0.0,0.0,0.0,0.0,0.0,0.012500000000000008,0.0,1.800000000000001,0.0,0.006250000000000004,0.0,0.0,0.0,0.0,0.002083333333333334,0.0,0.30000000000000016,0.0,0.001041666666666667,0.0,0.0,0.0,0.0,0.002083333333333334,0.0,0.30000000000000016,0.0,0.001041666666666667,0.0,0.0,0.0,0.0,0.002083333333333334,0.0,0.30000000000000016,0.0,0.001041666666666667,0.0,0.0,0.0,0.0,0.0,0.0,0.0,0.0,0.0,0.0,0.0,0.0,0.0,0.0,0.0,0.0,0.012500000000000008,0.0,1.800000000000001,0.0,0.006250000000000004,0.0,0.0,0.0,0.0,0.002083333333333334,0.0,0.30000000000000016,0.0,0.001041666666666667,0.0,0.0,0.0,0.0,0.002083333333333334,0.0,0.30000000000000016,0.0,0.001041666666666667,0.0,0.0,0.0,0.0,0.002083333333333334,0.0,0.30000000000000016,0.0,0.001041666666666667,0.0,0.0,100
0.25,0.0,2.700000000000001,0.0,0.009375000000000005,0.0,0.0,0.0,0.0,0.01875000000000001,0.0,2.700000000000001,0.0,0.009375000000000005,0.0,0.0,0.0,0.0,0.0,0.0,0.0,0.0,0.0,0.0,0.0,0.0,0.0,0.0,0.0,0.0,0.0,0.0,0.0,0.0,0.06,0.7000000000000003,0.00020833333333333332,0.0024305555555555565,8.287613075553542e-05,0.023868325657594204,0.06,0.7000000000000003,0.00020833333333333332,0.0024305555555555565,8.287613075553542e-05,0.023868325657594204,0.06,0.7000000000000003,0.00020833333333333332,0.0024305555555555565,8.287613075553542e-05,0.023868325657594204,0.0,0.0,0.0,0.0,0.0,0.0,0.0,0.0,0.0,0.0,0.0,0.0,0.03,0.00020833333333333332,0.0027777777777777788,0.00011906014444289256,0.40000000000000013,0.00010416666666666666,0.0013888888888888894,5.953007222144628e-05,0.01714466079977653,0.03,0.00020833333333333332,0.0027777777777777788,0.00011906014444289256,0.40000000000000013,0.00010416666666666666,0.0013888888888888894,5.953007222144628e-05,0.01714466079977653,0.03,0.00020833333333333332,0.0027777777777777788,0.00011906014444289256,0.40000000000000013,0.00010416666666666666,0.0013888888888888894,5.953007222144628e-05,0.01714466079977653,0.0,0.0,0.0,0.0,0.0,0.0,0.0,0.0,0.0,0.0,0.0,0.0,0.03,0.00020833333333333332,0.0020833333333333337,0.00011906014444289256,0.3000000000000001,0.00010416666666666666,0.0010416666666666669,5.953007222144628e-05,0.01714466079977653,0.03,0.00020833333333333332,0.0020833333333333337,0.00011906014444289256,0.3000000000000001,0.00010416666666666666,0.0010416666666666669,5.953007222144628e-05,0.01714466079977653,0.03,0.00020833333333333332,0.0020833333333333337,0.00011906014444289256,0.3000000000000001,0.00010416666666666666,0.0010416666666666669,5.953007222144628e-05,0.01714466079977653,0.0,0.0,0.0,0.0,0.0,0.0,0.0,0.0,0.0,0.36,6.900000000000002,0.00125,0.02395833333333334,0.0004972567845332127,0.14320995394556524,0.06,0.7000000000000003,0.00020833333333333332,0.0024305555555555565,8.287613075553542e-05,0.023868325657594204,0.06,0.7000000000000003,0.00020833333333333332,0.0024305555555555565,8.287613075553542e-05,0.023868325657594204,0.06,0.7000000000000003,0.00020833333333333332,0.0024305555555555565,8.287613075553542e-05,0.023868325657594204,0.0,0.0,0.0,0.0,0.0,0.0,0.0,0.0,0.0,0.0,0.0,0.0,0.18,0.00125,0.03541666666666668,0.0007143608666573555,5.100000000000002,0.000625,0.01770833333333334,0.00035718043332867776,0.10286796479865919,0.03,0.00020833333333333332,0.0027777777777777788,0.00011906014444289256,0.40000000000000013,0.00010416666666666666,0.0013888888888888894,5.953007222144628e-05,0.01714466079977653,0.03,0.00020833333333333332,0.0027777777777777788,0.00011906014444289256,0.40000000000000013,0.00010416666666666666,0.0013888888888888894,5.953007222144628e-05,0.01714466079977653,0.03,0.00020833333333333332,0.0027777777777777788,0.00011906014444289256,0.40000000000000013,0.00010416666666666666,0.0013888888888888894,5.953007222144628e-05,0.01714466079977653,0.0,0.0,0.0,0.0,0.0,0.0,0.0,0.0,0.0,0.0,0.0,0.0,0.18,0.00125,0.012500000000000004,0.0007143608666573555,1.8000000000000005,0.000625,0.006250000000000002,0.00035718043332867776,0.10286796479865919,0.03,0.00020833333333333332,0.0020833333333333337,0.00011906014444289256,0.3000000000000001,0.00010416666666666666,0.0010416666666666669,5.953007222144628e-05,0.01714466079977653,0.03,0.00020833333333333332,0.0020833333333333337,0.00011906014444289256,0.3000000000000001,0.00010416666666666666,0.0010416666666666669,5.953007222144628e-05,0.01714466079977653,0.03,0.00020833333333333332,0.0020833333333333337,0.00011906014444289256,0.3000000000000001,0.00010416666666666666,0.0010416666666666669,5.953007222144628e-05,0.01714466079977653,100
0.3,0.27,88.20000000000003,0.0009375000000000001,0.3062500000000001,0.0009375000000000001,0.27,0.27,0.0018750000000000001,0.3229166666666668,0.0018750000000000001,46.50000000000002,0.0009375000000000001,0.1614583333333334,0.0009375000000000001,0.27,0.0,0.0,0.2895833333333334,0.0,41.70000000000002,0.0,0.1447916666666667,0.0,0.0,0.0,1.8000000000000005,0.0,0.07500000000000002,0.0,0.0,0.006250000000000002,0.0,0.0,0.07,4.300000000000001,0.00024305555555555558,0.014930555555555561,8.903902776952875e-05,0.02564323999762428,0.07,2.500000000000001,0.00024305555555555558,0.00868055555555556,8.903902776952875e-05,0.02564323999762428,0.07,2.500000000000001,0.00024305555555555558,0.00868055555555556,8.903902776952875e-05,0.02564323999762428,0.0,0.0,0.0055555555555555575,0.0,0.8000000000000003,0.0,0.0666666666666667,0.0,0.0,0.0027777777777777788,0.0,0.0,0.04,0.0002777777777777778,0.01319444444444445,0.0001367683233103697,1.9000000000000006,0.0001388888888888889,0.006597222222222225,6.838416165518484e-05,0.019694638556693237,0.04,0.0002777777777777778,0.007638888888888892,0.0001367683233103697,1.1000000000000005,0.0001388888888888889,0.003819444444444446,6.838416165518484e-05,0.019694638556693237,0.04,0.0002777777777777778,0.007638888888888892,0.0001367683233103697,1.1000000000000005,0.0001388888888888889,0.003819444444444446,6.838416165518484e-05,0.019694638556693237,0.0,0.0,0.0069444444444444475,0.0,1.0000000000000004,0.0,0.08333333333333336,0.0,0.0,0.0034722222222222238,0.0,0.0,0.03,0.00020833333333333332,0.016666666666666677,0.00011906014444289256,2.400000000000001,0.00010416666666666666,0.008333333333333338,5.953007222144628e-05,0.01714466079977653,0.03,0.00020833333333333332,0.009722222222222226,0.00011906014444289256,1.4000000000000006,0.00010416666666666666,0.004861111111111113,5.953007222144628e-05,0.01714466079977653,0.03,0.00020833333333333332,0.009722222222222226,0.00011906014444289256,1.4000000000000006,0.00010416666666666666,0.004861111111111113,5.953007222144628e-05,0.01714466079977653,0.0,1.8000000000000005,0.0,0.07500000000000002,0.0,0.0,0.006250000000000002,0.0,0.0,0.69,100.80000000000004,0.002395833333333333,0.3500000000000001,0.0010661577956785735,0.30705344515542915,0.07,2.500000000000001,0.00024305555555555558,0.00868055555555556,8.903902776952875e-05,0.02564323999762428,0.07,2.500000000000001,0.00024305555555555558,0.00868055555555556,8.903902776952875e-05,0.02564323999762428,0.07,4.300000000000001,0.00024305555555555558,0.014930555555555561,8.903902776952875e-05,0.02564323999762428,0.0,0.0,0.0055555555555555575,0.0,0.8000000000000003,0.0,0.0666666666666667,0.0,0.0,0.0027777777777777788,0.0,0.0,0.51,0.003541666666666667,0.3555555555555557,0.002031229765503981,51.20000000000002,0.0017708333333333335,0.17777777777777784,0.0010156148827519904,0.29249708623257326,0.04,0.0002777777777777778,0.007638888888888892,0.0001367683233103697,1.1000000000000005,0.0001388888888888889,0.003819444444444446,6.838416165518484e-05,0.019694638556693237,0.04,0.0002777777777777778,0.007638888888888892,0.0001367683233103697,1.1000000000000005,0.0001388888888888889,0.003819444444444446,6.838416165518484e-05,0.019694638556693237,0.04,0.0002777777777777778,0.01319444444444445,0.0001367683233103697,1.9000000000000006,0.0001388888888888889,0.006597222222222225,6.838416165518484e-05,0.019694638556693237,0.0,0.0,0.0069444444444444475,0.0,1.0000000000000004,0.0,0.08333333333333336,0.0,0.0,0.0034722222222222238,0.0,0.0,0.18,0.00125,0.34444444444444455,0.0007143608666573555,49.600000000000016,0.000625,0.17222222222222228,0.00035718043332867776,0.10286796479865919,0.03,0.00020833333333333332,0.009722222222222226,0.00011906014444289256,1.4000000000000006,0.00010416666666666666,0.004861111111111113,5.953007222144628e-05,0.01714466079977653,0.03,0.00020833333333333332,0.009722222222222226,0.00011906014444289256,1.4000000000000006,0.00010416666666666666,0.004861111111111113,5.953007222144628e-05,0.01714466079977653,0.03,0.00020833333333333332,0.016666666666666677,0.00011906014444289256,2.400000000000001,0.00010416666666666666,0.008333333333333338,5.953007222144628e-05,0.01714466079977653,100
0.35,8.82,323.2999999999997,0.030625,1.1225694444444436,0.008475105188313986,2.440830294234428,4.65,0.03229166666666667,1.0784722222222212,0.009519376095438964,155.29999999999987,0.016145833333333335,0.5392361111111106,0.004759688047719482,1.3707901577432107,4.17,0.028958333333333332,1.1666666666666656,0.008586714993681578,167.99999999999986,0.014479166666666666,0.5833333333333328,0.004293357496840789,1.2364869590901473,0.18,10.39999999999999,0.0075,0.4333333333333329,0.00286357401104333,0.000625,0.03611111111111107,0.00023863116758694419,0.06872577626503992,0.49,15.499999999999988,0.0017013888888888888,0.053819444444444406,0.00034367931542080146,0.09897964284119082,0.31,5.099999999999997,0.0010763888888888889,0.017708333333333326,0.00019551747178841962,0.05630903187506485,0.31,5.099999999999997,0.0010763888888888889,0.017708333333333326,0.00019551747178841962,0.05630903187506485,0.08,0.0005555555555555556,0.038194444444444406,0.00023523886553000205,5.499999999999995,0.006666666666666667,0.45833333333333287,0.0028228663863600245,0.0002777777777777778,0.019097222222222203,0.00011761943276500103,0.033874396636320296,0.22,0.0015277777777777779,0.0555555555555555,0.0003637347494412874,7.999999999999993,0.0007638888888888889,0.02777777777777775,0.0001818673747206437,0.052377803919545385,0.14,0.0009722222222222223,0.0173611111111111,0.00024217714445817846,2.4999999999999982,0.00048611111111111115,0.00868055555555555,0.00012108857222908923,0.0348735088019777,0.14,0.0009722222222222223,0.0173611111111111,0.00024217714445817846,2.4999999999999982,0.00048611111111111115,0.00868055555555555,0.00012108857222908923,0.0348735088019777,0.1,0.0006944444444444445,0.03402777777777774,0.0002877692409759542,4.899999999999995,0.008333333333333333,0.40833333333333294,0.0034532308917114506,0.00034722222222222224,0.01701388888888887,0.0001438846204879771,0.041438770700537406,0.27,0.0018750000000000001,0.0520833333333333,0.0004170756503824131,7.499999999999995,0.0009375000000000001,0.02604166666666665,0.00020853782519120656,0.06005889365506749,0.17,0.0011805555555555556,0.01805555555555555,0.00028013519864057815,2.599999999999999,0.0005902777777777778,0.009027777777777775,0.00014006759932028907,0.040339468604243256,0.17,0.0011805555555555556,0.01805555555555555,0.00028013519864057815,2.599999999999999,0.0005902777777777778,0.009027777777777775,0.00014006759932028907,0.040339468604243256,0.18,10.39999999999999,0.0075,0.4333333333333329,0.00286357401104333,0.000625,0.03611111111111107,0.00023863116758694419,0.06872577626503992,10.44,347.1999999999997,0.03625,1.2055555555555544,0.008682914943106124,2.5006795036145637,0.31,5.099999999999997,0.0010763888888888889,0.017708333333333326,0.00019551747178841962,0.05630903187506485,0.31,5.099999999999997,0.0010763888888888889,0.017708333333333326,0.00019551747178841962,0.05630903187506485,0.49,15.499999999999988,0.0017013888888888888,0.053819444444444406,0.00034367931542080146,0.09897964284119082,0.08,0.0005555555555555556,0.038194444444444406,0.00023523886553000205,5.499999999999995,0.006666666666666667,0.45833333333333287,0.0028228663863600245,0.0002777777777777778,0.019097222222222203,0.00011761943276500103,0.033874396636320296,5.3,0.03680555555555556,1.145138888888888,0.00956996579043408,164.8999999999999,0.01840277777777778,0.572569444444444,0.00478498289521704,1.3780750738225076,0.14,0.0009722222222222223,0.0173611111111111,0.00024217714445817846,2.4999999999999982,0.00048611111111111115,0.00868055555555555,0.00012108857222908923,0.0348735088019777,0.14,0.0009722222222222223,0.0173611111111111,0.00024217714445817846,2.4999999999999982,0.00048611111111111115,0.00868055555555555,0.00012108857222908923,0.0348735088019777,0.22,0.0015277777777777779,0.0555555555555555,0.0003637347494412874,7.999999999999993,0.0007638888888888889,0.02777777777777775,0.0001818673747206437,0.052377803919545385,0.1,0.0006944444444444445,0.03402777777777774,0.0002877692409759542,4.899999999999995,0.008333333333333333,0.40833333333333294,0.0034532308917114506,0.00034722222222222224,0.01701388888888887,0.0001438846204879771,0.041438770700537406,5.14,0.035694444444444445,1.2659722222222212,0.00897990848455992,182.29999999999984,0.017847222222222223,0.6329861111111106,0.00448995424227996,1.2931068217766284,0.17,0.0011805555555555556,0.01805555555555555,0.00028013519864057815,2.599999999999999,0.0005902777777777778,0.009027777777777775,0.00014006759932028907,0.040339468604243256,0.17,0.0011805555555555556,0.01805555555555555,0.00028013519864057815,2.599999999999999,0.0005902777777777778,0.009027777777777775,0.00014006759932028907,0.040339468604243256,0.27,0.0018750000000000001,0.0520833333333333,0.0004170756503824131,7.499999999999995,0.0009375000000000001,0.02604166666666665,0.00020853782519120656,0.06005889365506749,100
0.4,32.6,734.0,0.11319444444444444,2.548611111111111,0.013031736456405593,3.7531400994448108,15.8,0.10972222222222222,2.4965277777777777,0.01435388820135748,359.5,0.05486111111111111,1.2482638888888888,0.00717694410067874,2.066959900995477,16.8,0.11666666666666667,2.600694444444444,0.0147835449663061,374.49999999999994,0.058333333333333334,1.300347222222222,0.00739177248315305,2.1288304751480784,1.04,47.100000000000016,0.043333333333333335,1.9625000000000006,0.011421178665531363,0.0036111111111111114,0.16354166666666672,0.0009517648887942803,0.2741082879727527,1.62,58.80000000000002,0.005625000000000001,0.20416666666666675,0.0010899759298932258,0.313913067809249,0.58,11.700000000000001,0.002013888888888889,0.04062500000000001,0.0003495990479477537,0.10068452580895307,0.58,11.700000000000001,0.002013888888888889,0.04062500000000001,0.0003495990479477537,0.10068452580895307,0.55,0.0038194444444444448,0.1659722222222223,0.0010084007329846977,23.90000000000001,0.04583333333333334,1.9916666666666674,0.012100808795816374,0.0019097222222222224,0.08298611111111115,0.0005042003664923488,0.14520970554979648,0.84,0.005833333333333333,0.20625000000000004,0.0011498914212148962,29.700000000000006,0.0029166666666666664,0.10312500000000002,0.0005749457106074481,0.16558436465494505,0.29,0.002013888888888889,0.04027777777777779,0.0004763939810861532,5.8,0.0010069444444444444,0.020138888888888894,0.0002381969905430766,0.06860073327640606,0.29,0.002013888888888889,0.04027777777777779,0.0004763939810861532,5.8,0.0010069444444444444,0.020138888888888894,0.0002381969905430766,0.06860073327640606,0.49,0.0034027777777777776,0.16111111111111118,0.0009594875042083724,23.200000000000006,0.04083333333333333,1.9333333333333338,0.01151385005050047,0.0017013888888888888,0.08055555555555559,0.0004797437521041862,0.13816620060600562,0.78,0.005416666666666667,0.2020833333333334,0.001123579731436259,29.100000000000012,0.0027083333333333334,0.1010416666666667,0.0005617898657181295,0.16179548132682128,0.29,0.002013888888888889,0.040972222222222236,0.0004104830150555361,5.900000000000002,0.0010069444444444444,0.020486111111111118,0.00020524150752776804,0.059109554167997194,0.29,0.002013888888888889,0.040972222222222236,0.0004104830150555361,5.900000000000002,0.0010069444444444444,0.020486111111111118,0.00020524150752776804,0.059109554167997194,1.04,47.30000000000002,0.043333333333333335,1.9708333333333339,0.011421178665531363,0.0036111111111111114,0.16423611111111117,0.0009517648887942803,0.2741082879727527,35.41,752.0,0.12295138888888887,2.6111111111111116,0.013311703452420408,3.8337705942970777,0.58,11.500000000000002,0.002013888888888889,0.03993055555555556,0.0003495990479477537,0.10068452580895307,0.58,11.500000000000002,0.002013888888888889,0.03993055555555556,0.0003495990479477537,0.10068452580895307,1.62,58.80000000000002,0.005625000000000001,0.20416666666666675,0.0010899759298932258,0.313913067809249,0.55,0.0038194444444444448,0.16666666666666669,0.0010084007329846977,24.000000000000007,0.04583333333333334,2.0000000000000004,0.012100808795816374,0.0019097222222222224,0.08333333333333334,0.0005042003664923488,0.14520970554979648,17.0,0.11805555555555555,2.5659722222222223,0.014477227431521652,369.5,0.059027777777777776,1.2829861111111112,0.007238613715760826,2.084720750139118,0.29,0.002013888888888889,0.03958333333333333,0.0004763939810861532,5.7,0.0010069444444444444,0.019791666666666666,0.0002381969905430766,0.06860073327640606,0.29,0.002013888888888889,0.03958333333333333,0.0004763939810861532,5.7,0.0010069444444444444,0.019791666666666666,0.0002381969905430766,0.06860073327640606,0.84,0.005833333333333333,0.20625000000000004,0.0011498914212148962,29.700000000000006,0.0029166666666666664,0.10312500000000002,0.0005749457106074481,0.16558436465494505,0.49,0.0034027777777777776,0.16180555555555562,0.0009594875042083724,23.300000000000008,0.04083333333333333,1.9416666666666675,0.01151385005050047,0.0017013888888888888,0.08090277777777781,0.0004797437521041862,0.13816620060600562,18.41,0.12784722222222222,2.65625,0.014845721850868378,382.5,0.06392361111111111,1.328125,0.007422860925434189,2.1377839465250466,0.29,0.002013888888888889,0.04027777777777779,0.0004104830150555361,5.800000000000001,0.0010069444444444444,0.020138888888888894,0.00020524150752776804,0.059109554167997194,0.29,0.002013888888888889,0.04027777777777779,0.0004104830150555361,5.800000000000001,0.0010069444444444444,0.020138888888888894,0.00020524150752776804,0.059109554167997194,0.78,0.005416666666666667,0.2020833333333334,0.001123579731436259,29.100000000000012,0.0027083333333333334,0.1010416666666667,0.0005617898657181295,0.16179548132682128,100
0.45,82.22,833.3000000000003,0.2854861111111111,2.893402777777779,0.013991847966958836,4.029652214484145,40.6,0.28194444444444444,2.940972222222223,0.01570169945440075,423.50000000000017,0.14097222222222222,1.4704861111111116,0.007850849727200375,2.261044721433708,41.62,0.2890277777777778,2.845833333333334,0.01442118989481423,409.8000000000001,0.1445138888888889,1.422916666666667,0.007210594947407115,2.076651344853249,4.89,112.50000000000003,0.20375,4.687500000000002,0.02101265418271735,0.016979166666666667,0.39062500000000006,0.0017510545152264459,0.5043037003852164,6.37,143.60000000000005,0.022118055555555557,0.49861111111111134,0.002045970020417744,0.5892393658803103,1.48,31.100000000000012,0.005138888888888889,0.10798611111111114,0.0004746011905390724,0.13668514287525285,1.48,31.100000000000012,0.005138888888888889,0.10798611111111114,0.0004746011905390724,0.13668514287525285,2.47,0.01715277777777778,0.38958333333333345,0.0019125546539321017,56.10000000000002,0.20583333333333334,4.675000000000001,0.02295065584718522,0.00857638888888889,0.19479166666666672,0.0009562773269660509,0.27540787016622265,3.19,0.022152777777777778,0.49583333333333357,0.0021595554219044355,71.40000000000002,0.011076388888888889,0.24791666666666679,0.0010797777109522178,0.3109759807542387,0.72,0.005,0.10625000000000004,0.0006326304998144047,15.300000000000006,0.0025,0.05312500000000002,0.00031631524990720236,0.09109879197327428,0.72,0.005,0.10625000000000004,0.0006326304998144047,15.300000000000006,0.0025,0.05312500000000002,0.00031631524990720236,0.09109879197327428,2.42,0.016805555555555556,0.39166666666666683,0.0017243004549266367,56.40000000000002,0.20166666666666666,4.700000000000002,0.02069160545911964,0.008402777777777778,0.19583333333333341,0.0008621502274633184,0.24829926550943568,3.18,0.022083333333333333,0.501388888888889,0.002035745305164595,72.20000000000003,0.011041666666666667,0.2506944444444445,0.0010178726525822974,0.29314732394370163,0.76,0.005277777777777778,0.10972222222222225,0.0006173540925356534,15.800000000000006,0.002638888888888889,0.054861111111111124,0.0003086770462678267,0.08889898932513408,0.76,0.005277777777777778,0.10972222222222225,0.0006173540925356534,15.800000000000006,0.002638888888888889,0.054861111111111124,0.0003086770462678267,0.08889898932513408,4.91,115.90000000000005,0.20458333333333334,4.829166666666668,0.021056006964591586,0.01704861111111111,0.4024305555555557,0.0017546672470492987,0.505344167150198,85.64,855.5000000000002,0.29736111111111113,2.9704861111111116,0.013826980430625711,3.9821703640202046,1.46,27.700000000000014,0.005069444444444444,0.09618055555555559,0.0004744472075607462,0.1366407957774949,1.46,27.700000000000014,0.005069444444444444,0.09618055555555559,0.0004744472075607462,0.1366407957774949,6.37,143.60000000000005,0.022118055555555557,0.49861111111111134,0.002045970020417744,0.5892393658803103,2.48,0.017222222222222222,0.4000000000000001,0.0019151635316694336,57.600000000000016,0.20666666666666667,4.800000000000001,0.022981962380033204,0.008611111111111111,0.20000000000000004,0.0009575817658347168,0.27578354856039844,42.25,0.2934027777777778,3.030555555555556,0.015523033671619915,436.40000000000015,0.1467013888888889,1.515277777777778,0.007761516835809957,2.2353168487132677,0.71,0.004930555555555555,0.09583333333333337,0.0006342838354500344,13.800000000000006,0.0024652777777777776,0.047916666666666684,0.0003171419177250172,0.09133687230480494,0.71,0.004930555555555555,0.09583333333333337,0.0006342838354500344,13.800000000000006,0.0024652777777777776,0.047916666666666684,0.0003171419177250172,0.09133687230480494,3.19,0.022152777777777778,0.49583333333333357,0.0021595554219044355,71.40000000000002,0.011076388888888889,0.24791666666666679,0.0010797777109522178,0.3109759807542387,2.43,0.016875,0.40486111111111134,0.0017245123210214482,58.300000000000026,0.2025,4.858333333333336,0.02069414785225738,0.0084375,0.20243055555555567,0.0008622561605107241,0.24832977422708855,43.39,0.3013194444444445,2.9104166666666673,0.014112224771465839,419.1000000000002,0.15065972222222224,1.4552083333333337,0.007056112385732919,2.032160367091081,0.75,0.005208333333333333,0.0965277777777778,0.0006034280706624439,13.900000000000004,0.0026041666666666665,0.0482638888888889,0.00030171403533122196,0.08689364217539193,0.75,0.005208333333333333,0.0965277777777778,0.0006034280706624439,13.900000000000004,0.0026041666666666665,0.0482638888888889,0.00030171403533122196,0.08689364217539193,3.18,0.022083333333333333,0.501388888888889,0.002035745305164595,72.20000000000003,0.011041666666666667,0.2506944444444445,0.0010178726525822974,0.29314732394370163,100
0.5,115.93,544.0999999999999,0.40253472222222225,1.8892361111111113,0.010560323361870317,3.0413731282186514,58.15,0.40381944444444445,1.950000000000001,0.010391324860551993,280.80000000000007,0.20190972222222223,0.9750000000000005,0.0051956624302759965,1.496350779919487,57.78,0.40125,1.828472222222223,0.01144693639579964,263.3000000000001,0.200625,0.9142361111111115,0.00572346819789982,1.648358840995148,12.29,143.99999999999994,0.5120833333333333,5.999999999999999,0.0286069122642226,0.04267361111111111,0.49999999999999983,0.0023839093553518834,0.6865658943413424,15.98,225.09999999999985,0.05548611111111111,0.7815972222222217,0.003281066743349031,0.9449472220845209,3.69,81.09999999999994,0.0128125,0.281597222222222,0.001220597224448329,0.3515320006411187,3.69,81.09999999999994,0.0128125,0.281597222222222,0.001220597224448329,0.3515320006411187,6.16,0.042777777777777776,0.49652777777777757,0.0024709939697222637,71.49999999999997,0.5133333333333333,5.958333333333332,0.02965192763666716,0.021388888888888888,0.24826388888888878,0.0012354969848611319,0.35582313164000595,7.98,0.05541666666666667,0.7840277777777775,0.0033963081835965405,112.89999999999996,0.027708333333333335,0.3920138888888888,0.0016981540917982703,0.48906837843790185,1.82,0.012638888888888889,0.28749999999999976,0.0012959204601872992,41.39999999999997,0.006319444444444444,0.14374999999999988,0.0006479602300936496,0.18661254626697107,1.82,0.012638888888888889,0.28749999999999976,0.0012959204601872992,41.39999999999997,0.006319444444444444,0.14374999999999988,0.0006479602300936496,0.18661254626697107,6.13,0.042569444444444444,0.5034722222222221,0.002400872946653636,72.49999999999997,0.5108333333333334,6.041666666666664,0.028810475359843633,0.021284722222222222,0.25173611111111105,0.001200436473326818,0.3457257043181236,8.0,0.05555555555555555,0.7791666666666663,0.0032256744539326133,112.19999999999996,0.027777777777777776,0.38958333333333317,0.0016128372269663066,0.4644971213662963,1.87,0.012986111111111111,0.27569444444444424,0.0012894200439565174,39.699999999999974,0.006493055555555556,0.13784722222222212,0.0006447100219782587,0.1856764863297385,1.87,0.012986111111111111,0.27569444444444424,0.0012894200439565174,39.699999999999974,0.006493055555555556,0.13784722222222212,0.0006447100219782587,0.1856764863297385,12.63,151.89999999999995,0.52625,6.329166666666664,0.030490374693233634,0.043854166666666666,0.5274305555555555,0.0025408645577694694,0.7317689926376072,120.96,629.1999999999999,0.42,2.184722222222222,0.01076337070183849,3.099850762129485,3.35,73.19999999999993,0.011631944444444445,0.25416666666666643,0.0010508329862195269,0.30263990003122376,3.35,73.19999999999993,0.011631944444444445,0.25416666666666643,0.0010508329862195269,0.30263990003122376,15.98,225.09999999999985,0.05548611111111111,0.7815972222222217,0.003281066743349031,0.9449472220845209,6.31,0.04381944444444444,0.5215277777777777,0.0026313373995296313,75.09999999999998,0.5258333333333333,6.258333333333332,0.03157604879435558,0.02190972222222222,0.26076388888888885,0.0013156686997648156,0.3789125855322669,60.64,0.4211111111111111,2.2569444444444438,0.010661644206649166,325.00000000000006,0.21055555555555555,1.1284722222222219,0.005330822103324583,1.53527676575748,1.67,0.011597222222222222,0.26249999999999984,0.0011125788215868892,37.799999999999976,0.005798611111111111,0.13124999999999992,0.0005562894107934446,0.16021135030851205,1.67,0.011597222222222222,0.26249999999999984,0.0011125788215868892,37.799999999999976,0.005798611111111111,0.13124999999999992,0.0005562894107934446,0.16021135030851205,7.98,0.05541666666666667,0.7840277777777775,0.0033963081835965405,112.89999999999996,0.027708333333333335,0.3920138888888888,0.0016981540917982703,0.48906837843790185,6.32,0.043888888888888894,0.5333333333333331,0.0025584725703052032,76.79999999999997,0.5266666666666667,6.399999999999997,0.030701670843662442,0.021944444444444447,0.26666666666666655,0.0012792362851526016,0.3684200501239493,60.32,0.41888888888888887,2.1124999999999994,0.011304038440882609,304.20000000000005,0.20944444444444443,1.0562499999999997,0.005652019220441304,1.6277815354870957,1.68,0.011666666666666665,0.24583333333333315,0.0011756972390903786,35.39999999999998,0.005833333333333333,0.12291666666666658,0.0005878486195451893,0.16930040242901453,1.68,0.011666666666666665,0.24583333333333315,0.0011756972390903786,35.39999999999998,0.005833333333333333,0.12291666666666658,0.0005878486195451893,0.16930040242901453,8.0,0.05555555555555555,0.7791666666666663,0.0032256744539326133,112.19999999999996,0.027777777777777776,0.38958333333333317,0.0016128372269663066,0.4644971213662963,100
0.55,136.63,283.6999999999998,0.4744097222222222,0.9850694444444441,0.0038704868519315733,1.114700213356293,68.68,0.4769444444444445,0.9486111111111111,0.00387830248991324,136.60000000000002,0.23847222222222225,0.47430555555555554,0.00193915124495662,0.5584755585475065,67.95,0.47187500000000004,1.0215277777777771,0.004505247274953935,147.0999999999999,0.23593750000000002,0.5107638888888886,0.0022526236374769675,0.6487556075933667,19.29,105.8,0.80375,4.408333333333334,0.022685318318856226,0.06697916666666666,0.3673611111111111,0.0018904431932380188,0.5444476396525494,28.88,257.5000000000001,0.10027777777777777,0.8940972222222225,0.0042817760477350955,1.2331515017477075,9.59,151.70000000000013,0.03329861111111111,0.5267361111111115,0.002742966761835528,0.7899744274086321,9.59,151.70000000000013,0.03329861111111111,0.5267361111111115,0.002742966761835528,0.7899744274086321,9.62,0.06680555555555555,0.36944444444444435,0.0019386738968593675,53.199999999999996,0.8016666666666666,4.433333333333334,0.02326408676231241,0.033402777777777774,0.18472222222222218,0.0009693369484296838,0.27916904114774893,14.48,0.10055555555555556,0.8965277777777781,0.004275696580037481,129.10000000000002,0.05027777777777778,0.4482638888888891,0.0021378482900187407,0.6157003075253973,4.86,0.03375,0.5270833333333338,0.0027496116902098237,75.90000000000006,0.016875,0.2635416666666669,0.0013748058451049118,0.3959440833902146,4.86,0.03375,0.5270833333333338,0.0027496116902098237,75.90000000000006,0.016875,0.2635416666666669,0.0013748058451049118,0.3959440833902146,9.67,0.06715277777777778,0.36527777777777765,0.0019816048885388533,52.599999999999994,0.8058333333333333,4.383333333333332,0.023779258662466243,0.03357638888888889,0.18263888888888882,0.0009908024442694266,0.2853511039495949,14.4,0.1,0.8916666666666669,0.004322740946198504,128.40000000000003,0.05,0.44583333333333347,0.002161370473099252,0.6224746962525847,4.73,0.03284722222222222,0.5263888888888892,0.0028002301776615204,75.80000000000005,0.01642361111111111,0.2631944444444446,0.0014001150888307602,0.40323314558325896,4.73,0.03284722222222222,0.5263888888888892,0.0028002301776615204,75.80000000000005,0.01642361111111111,0.2631944444444446,0.0014001150888307602,0.40323314558325896,20.1,114.79999999999995,0.8375,4.783333333333333,0.02517823668753637,0.06979166666666667,0.398611111111111,0.002098186390628031,0.6042776805008729,148.56,460.9000000000003,0.5158333333333334,1.600347222222223,0.006534870600368575,1.8820427329061495,8.78,142.70000000000013,0.03048611111111111,0.4954861111111115,0.00268938158973469,0.7745418978435907,8.78,142.70000000000013,0.03048611111111111,0.4954861111111115,0.00268938158973469,0.7745418978435907,28.88,257.5000000000001,0.10027777777777777,0.8940972222222225,0.0042817760477350955,1.2331515017477075,9.99,0.069375,0.3965277777777778,0.002138702584187182,57.1,0.8325,4.758333333333334,0.02566443101024618,0.0346875,0.1982638888888889,0.001069351292093591,0.30797317212295416,74.75,0.5190972222222222,1.5854166666666671,0.00643424268829028,228.30000000000007,0.2595486111111111,0.7927083333333336,0.00321712134414514,0.9265309471138004,4.49,0.03118055555555556,0.5000000000000003,0.0027094122861611608,72.00000000000006,0.01559027777777778,0.25000000000000017,0.0013547061430805804,0.39015536920720717,4.49,0.03118055555555556,0.5000000000000003,0.0027094122861611608,72.00000000000006,0.01559027777777778,0.25000000000000017,0.0013547061430805804,0.39015536920720717,14.48,0.10055555555555556,0.8965277777777781,0.004275696580037481,129.10000000000002,0.05027777777777778,0.4482638888888891,0.0021378482900187407,0.6157003075253973,10.11,0.07020833333333333,0.40069444444444424,0.0022310059813040713,57.69999999999999,0.8424999999999999,4.808333333333333,0.026772071775648856,0.035104166666666665,0.20034722222222212,0.0011155029906520357,0.32126486130778625,73.81,0.5125694444444444,1.615277777777779,0.006896364846435332,232.60000000000014,0.2562847222222222,0.8076388888888895,0.003448182423217666,0.9930765378866878,4.29,0.029791666666666668,0.4909722222222227,0.002753639156451085,70.70000000000006,0.014895833333333334,0.24548611111111135,0.0013768195782255426,0.39652403852895624,4.29,0.029791666666666668,0.4909722222222227,0.002753639156451085,70.70000000000006,0.014895833333333334,0.24548611111111135,0.0013768195782255426,0.39652403852895624,14.4,0.1,0.8916666666666669,0.004322740946198504,128.40000000000003,0.05,0.44583333333333347,0.002161370473099252,0.6224746962525847,100
0.6,144.3,74.20000000000005,0.5010416666666667,0.25763888888888875,0.0022564722591616616,0.6498640106385585,71.81,0.49868055555555557,0.19305555555555376,0.0025061788433663355,27.79999999999984,0.24934027777777779,0.09652777777777688,0.0012530894216831677,0.3608897534447523,72.49,0.5034027777777778,0.3222222222222211,0.0027094122861611603,46.39999999999998,0.2517013888888889,0.16111111111111054,0.0013547061430805802,0.3901553692072071,22.87,45.60000000000008,0.9529166666666667,1.9000000000000021,0.010217455382851503,0.07940972222222223,0.15833333333333366,0.0008514546152376251,0.24521892918843605,41.73,259.6,0.14489583333333333,0.901388888888889,0.004078297080037852,1.1745495590509014,18.86,213.99999999999994,0.0654861111111111,0.7430555555555554,0.003558831449376741,1.0249434574205014,18.86,213.99999999999994,0.0654861111111111,0.7430555555555554,0.003558831449376741,1.0249434574205014,11.48,0.07972222222222222,0.1625000000000002,0.0008460956890044938,23.400000000000034,0.9566666666666667,1.950000000000001,0.010153148268053925,0.03986111111111111,0.0812500000000001,0.0004230478445022469,0.12183777921664711,20.89,0.14506944444444445,0.8972222222222219,0.004081498390937615,129.19999999999996,0.07253472222222222,0.44861111111111096,0.0020407491954688075,0.5877357682950165,9.41,0.06534722222222222,0.734722222222222,0.003605191070258822,105.79999999999995,0.03267361111111111,0.367361111111111,0.001802595535129411,0.5191475141172703,9.41,0.06534722222222222,0.734722222222222,0.003605191070258822,105.79999999999995,0.03267361111111111,0.367361111111111,0.001802595535129411,0.5191475141172703,11.39,0.07909722222222222,0.15416666666666679,0.0009253733620595405,22.200000000000017,0.9491666666666667,1.8500000000000014,0.011104480344714486,0.03954861111111111,0.07708333333333339,0.00046268668102977025,0.13325376413657383,20.84,0.14472222222222222,0.9055555555555554,0.004093207671987303,130.39999999999998,0.07236111111111111,0.4527777777777777,0.0020466038359936516,0.5894219047661716,9.45,0.06562499999999999,0.7513888888888889,0.0035401258724503167,108.19999999999999,0.032812499999999994,0.37569444444444444,0.0017700629362251584,0.5097781256328456,9.45,0.06562499999999999,0.7513888888888889,0.0035401258724503167,108.19999999999999,0.032812499999999994,0.37569444444444444,0.0017700629362251584,0.5097781256328456,24.11,41.200000000000045,1.0045833333333334,1.7166666666666668,0.0125195554105075,0.08371527777777778,0.1430555555555556,0.0010432962842089584,0.30046932985218,167.05,343.1999999999998,0.5800347222222223,1.1916666666666655,0.00519191083735113,1.4952703211571257,17.62,218.39999999999992,0.06118055555555556,0.7583333333333332,0.0038131516368074647,1.0981876714005498,17.62,218.39999999999992,0.06118055555555556,0.7583333333333332,0.0038131516368074647,1.0981876714005498,41.73,259.6,0.14489583333333333,0.901388888888889,0.004078297080037852,1.1745495590509014,12.02,0.08347222222222223,0.14513888888888904,0.0010629833466293689,20.900000000000034,1.0016666666666667,1.741666666666669,0.012755800159552426,0.04173611111111111,0.07256944444444452,0.0005314916733146844,0.15306960191462912,83.47,0.5796527777777778,1.1576388888888882,0.005254036291572532,166.70000000000005,0.2898263888888889,0.5788194444444441,0.002627018145786266,0.7565812259864446,8.87,0.06159722222222222,0.752083333333333,0.0038185260603863375,108.29999999999995,0.03079861111111111,0.3760416666666665,0.0019092630301931687,0.5498677526956326,8.87,0.06159722222222222,0.752083333333333,0.0038185260603863375,108.29999999999995,0.03079861111111111,0.3760416666666665,0.0019092630301931687,0.5498677526956326,20.89,0.14506944444444445,0.8972222222222219,0.004081498390937615,129.19999999999996,0.07253472222222222,0.44861111111111096,0.0020407491954688075,0.5877357682950165,12.09,0.08395833333333333,0.1409722222222226,0.0012331883250109284,20.30000000000004,1.0075,1.69166666666667,0.014798259900131143,0.041979166666666665,0.0704861111111113,0.0006165941625054642,0.1775791188015737,83.58,0.5804166666666667,1.2256944444444438,0.005237065343362608,176.4999999999999,0.29020833333333335,0.6128472222222219,0.002618532671681304,0.7541374094442156,8.75,0.06076388888888889,0.7645833333333331,0.00387389762226031,110.09999999999997,0.030381944444444444,0.38229166666666653,0.001936948811130155,0.5578412576054846,8.75,0.06076388888888889,0.7645833333333331,0.00387389762226031,110.09999999999997,0.030381944444444444,0.38229166666666653,0.001936948811130155,0.5578412576054846,20.84,0.14472222222222222,0.9055555555555554,0.004093207671987303,130.39999999999998,0.07236111111111111,0.4527777777777777,0.0020466038359936516,0.5894219047661716,100
0.65,144.05,-9.399999999999636,0.5001736111111111,-0.03263888888888822,0.0014534776666468177,0.4186015679942835,71.46,0.49624999999999997,-0.05486111111111036,0.002014191219227811,-7.899999999999977,0.24812499999999998,-0.02743055555555518,0.0010070956096139055,0.2900435355688048,72.59,0.5040972222222222,-0.010416666666665186,0.001898853753223688,-1.4999999999997726,0.2520486111111111,-0.005208333333332593,0.000949426876611844,0.2734349404642111,23.85,11.199999999999989,0.99375,0.466666666666665,0.0019075688042598648,0.08281250000000001,0.03888888888888886,0.00015896406702165542,0.045781651302236756,54.84,282.9000000000002,0.19041666666666668,0.982291666666667,0.00359007350763855,1.0339411701999024,30.99,271.70000000000016,0.10760416666666667,0.9434027777777785,0.0035031225354368242,1.0088992902058054,30.99,271.70000000000016,0.10760416666666667,0.9434027777777785,0.0035031225354368242,1.0088992902058054,11.96,0.08305555555555556,0.036111111111111205,0.0001367683233103697,5.200000000000017,0.9966666666666667,0.43333333333333357,0.0016412198797244365,0.04152777777777778,0.018055555555555602,6.838416165518484e-05,0.019694638556693237,27.4,0.19027777777777777,0.9791666666666676,0.003595591705225597,141.0000000000001,0.09513888888888888,0.4895833333333338,0.0017977958526127985,0.517765205552486,15.44,0.10722222222222222,0.943055555555556,0.0035496693877303275,135.80000000000007,0.05361111111111111,0.471527777777778,0.0017748346938651638,0.5111523918331672,15.44,0.10722222222222222,0.943055555555556,0.0035496693877303275,135.80000000000007,0.05361111111111111,0.471527777777778,0.0017748346938651638,0.5111523918331672,11.89,0.08256944444444445,0.04166666666666674,0.00023964965777906956,6.000000000000014,0.9908333333333333,0.5,0.0028757958933488346,0.04128472222222222,0.02083333333333337,0.00011982482888953478,0.034509550720186015,27.44,0.19055555555555556,0.9854166666666673,0.0035973795731047958,141.9000000000001,0.09527777777777778,0.49270833333333364,0.0017986897865523979,0.5180226585270906,15.55,0.10798611111111112,0.9437500000000009,0.0034748516979661464,135.9000000000001,0.05399305555555556,0.47187500000000043,0.0017374258489830732,0.5003786445071251,15.55,0.10798611111111112,0.9437500000000009,0.0034748516979661464,135.9000000000001,0.05399305555555556,0.47187500000000043,0.0017374258489830732,0.5003786445071251,24.22,-1.1999999999999886,1.0091666666666665,-0.05000000000000071,0.003053259008402427,0.08409722222222221,-0.004166666666666652,0.00025443825070020225,0.07327821620165825,182.88,332.10000000000014,0.635,1.1531250000000002,0.00446963653284611,1.2872553214596796,30.62,284.10000000000014,0.10631944444444445,0.9864583333333339,0.0036735873091631624,1.0579931450389908,30.62,284.10000000000014,0.10631944444444445,0.9864583333333339,0.0036735873091631624,1.0579931450389908,54.84,282.9000000000002,0.19041666666666668,0.982291666666667,0.00359007350763855,1.0339411701999024,12.08,0.08388888888888889,-0.001388888888888884,0.00025510744883319427,-0.19999999999997442,1.0066666666666666,-0.01666666666666572,0.003061289385998331,0.041944444444444444,-0.000694444444444442,0.00012755372441659713,0.036735472631979973,91.42,0.6348611111111111,1.1541666666666677,0.004392251939993551,166.20000000000016,0.31743055555555555,0.5770833333333338,0.0021961259699967753,0.6324842793590713,15.32,0.1063888888888889,0.9805555555555558,0.003678470440433739,141.20000000000005,0.05319444444444445,0.4902777777777779,0.0018392352202168695,0.5296997434224584,15.32,0.1063888888888889,0.9805555555555558,0.003678470440433739,141.20000000000005,0.05319444444444445,0.4902777777777779,0.0018392352202168695,0.5296997434224584,27.4,0.19027777777777777,0.9791666666666676,0.003595591705225597,141.0000000000001,0.09513888888888888,0.4895833333333338,0.0017977958526127985,0.517765205552486,12.14,0.08430555555555556,-0.006944444444444309,0.0004631733528683753,-0.9999999999999716,1.0116666666666667,-0.08333333333333215,0.005558080234420504,0.04215277777777778,-0.0034722222222221544,0.00023158667643418765,0.06669696281304605,91.46,0.6351388888888888,1.1520833333333345,0.004639530658510971,165.9000000000002,0.3175694444444444,0.5760416666666672,0.0023197653292554854,0.6680924148255798,15.3,0.10625000000000001,0.9923611111111117,0.003697780406562024,142.9000000000001,0.053125000000000006,0.49618055555555585,0.001848890203281012,0.5324803785449315,15.3,0.10625000000000001,0.9923611111111117,0.003697780406562024,142.9000000000001,0.053125000000000006,0.49618055555555585,0.001848890203281012,0.5324803785449315,27.44,0.19055555555555556,0.9854166666666673,0.0035973795731047958,141.9000000000001,0.09527777777777778,0.49270833333333364,0.0017986897865523979,0.5180226585270906,100
0.7,143.36,-4.600000000000364,0.4977777777777778,-0.015972222222223387,0.0017234527300979002,0.4963543862681953,71.02,0.49319444444444444,-0.02638888888888946,0.0024337701205384803,-3.800000000000068,0.24659722222222222,-0.01319444444444473,0.0012168850602692401,0.35046289735754116,72.34,0.5023611111111111,-0.005555555555556424,0.0020377543120403234,-0.8000000000000682,0.2511805555555556,-0.002777777777778212,0.0010188771560201617,0.29343662093380657,23.99,1.3999999999999204,0.9995833333333333,0.058333333333331794,0.00041666666666666653,0.0832986111111111,0.00486111111111065,3.472222222222221e-05,0.009999999999999997,70.02,274.1,0.24312499999999998,0.9517361111111113,0.004019684726975156,1.157669201368845,46.03,272.70000000000005,0.1598263888888889,0.9468749999999999,0.004010122483391961,1.1549152752168848,46.03,272.70000000000005,0.1598263888888889,0.9468749999999999,0.004010122483391961,1.1549152752168848,12.0,0.08333333333333333,0.002083333333333104,0.0,0.29999999999998295,1.0,0.02499999999999858,0.0,0.041666666666666664,0.001041666666666552,0.0,0.0,34.99,0.24298611111111112,0.9534722222222225,0.004037821517005478,137.3,0.12149305555555556,0.47673611111111125,0.002018910758502739,0.5814462984487888,22.99,0.15965277777777775,0.9513888888888891,0.004037821517005478,137.00000000000006,0.07982638888888888,0.47569444444444453,0.002018910758502739,0.5814462984487888,22.99,0.15965277777777775,0.9513888888888891,0.004037821517005478,137.00000000000006,0.07982638888888888,0.47569444444444453,0.002018910758502739,0.5814462984487888,11.99,0.08326388888888889,0.00763888888888864,6.944444444444443e-05,1.099999999999966,0.9991666666666666,0.09166666666666501,0.0008333333333333332,0.041631944444444444,0.00381944444444432,3.4722222222222215e-05,0.009999999999999998,35.03,0.2432638888888889,0.95,0.004002634231664546,136.7999999999999,0.12163194444444445,0.475,0.002001317115832273,0.5763793293596946,23.04,0.16,0.942361111111111,0.0039836831278666955,135.7,0.08,0.4711805555555555,0.0019918415639333478,0.5736503704128042,23.04,0.16,0.942361111111111,0.0039836831278666955,135.7,0.08,0.4711805555555555,0.0019918415639333478,0.5736503704128042,23.99,-2.000000000000057,0.9995833333333333,-0.08333333333333393,0.00041666666666666653,0.0832986111111111,-0.006944444444444642,3.472222222222221e-05,0.009999999999999997,200.26,305.7999999999997,0.6953472222222222,1.061805555555556,0.0043660834975118475,1.2574320472834122,46.03,276.09999999999997,0.1598263888888889,0.9586805555555555,0.004010122483391961,1.1549152752168848,46.03,276.09999999999997,0.1598263888888889,0.9586805555555555,0.004010122483391961,1.1549152752168848,70.02,274.1,0.24312499999999998,0.9517361111111113,0.004019684726975156,1.157669201368845,12.0,0.08333333333333333,-0.004166666666666874,0.0,-0.6000000000000227,1.0,-0.05000000000000071,0.0,0.041666666666666664,-0.002083333333333437,0.0,0.0,100.09,0.6950694444444445,1.0645833333333332,0.004349808559285308,153.29999999999984,0.34753472222222226,0.5322916666666666,0.002174904279642654,0.6263724325370844,22.99,0.15965277777777775,0.9576388888888887,0.004037821517005478,137.90000000000003,0.07982638888888888,0.47881944444444435,0.002018910758502739,0.5814462984487888,22.99,0.15965277777777775,0.9576388888888887,0.004037821517005478,137.90000000000003,0.07982638888888888,0.47881944444444435,0.002018910758502739,0.5814462984487888,34.99,0.24298611111111112,0.9534722222222225,0.004037821517005478,137.3,0.12149305555555556,0.47673611111111125,0.002018910758502739,0.5814462984487888,11.99,0.08326388888888889,-0.009722222222222632,6.944444444444443e-05,-1.400000000000034,0.9991666666666666,-0.11666666666666892,0.0008333333333333332,0.041631944444444444,-0.004861111111111316,3.4722222222222215e-05,0.009999999999999998,100.17,0.695625,1.0590277777777777,0.004424159966003561,152.4999999999999,0.3478125,0.5295138888888888,0.0022120799830017807,0.6370790351045128,23.04,0.16,0.9597222222222221,0.0039836831278666955,138.2,0.08,0.47986111111111107,0.0019918415639333478,0.5736503704128042,23.04,0.16,0.9597222222222221,0.0039836831278666955,138.2,0.08,0.47986111111111107,0.0019918415639333478,0.5736503704128042,35.03,0.2432638888888889,0.95,0.004002634231664546,136.7999999999999,0.12163194444444445,0.475,0.002001317115832273,0.5763793293596946,100
0.75,143.59,22.799999999999727,0.4985763888888889,0.07916666666666661,0.0016960838867918775,0.4884721593960607,71.08,0.4936111111111111,0.08402777777777803,0.002263057744051582,12.100000000000023,0.24680555555555556,0.04201388888888902,0.001131528872025791,0.3258803151434278,72.51,0.5035416666666667,0.07430555555555518,0.0023074271844140586,10.699999999999932,0.25177083333333333,0.03715277777777759,0.0011537135922070293,0.3322695145556244,23.99,0.09999999999999432,0.9995833333333333,0.00416666666666643,0.00041666666666666653,0.0832986111111111,0.0003472222222222765,3.472222222222221e-05,0.009999999999999997,82.25,261.79999999999984,0.2855902777777778,0.9090277777777773,0.0041996725724179245,1.2095057008563623,58.26,261.6999999999998,0.20229166666666665,0.9086805555555544,0.004199163630953922,1.2093591257147294,58.26,261.6999999999998,0.20229166666666665,0.9086805555555544,0.004199163630953922,1.2093591257147294,11.99,0.08326388888888889,0.0,6.944444444444443e-05,0.0,0.9991666666666666,0.0,0.0008333333333333332,0.041631944444444444,0.0,3.4722222222222215e-05,0.009999999999999998,41.13,0.285625,0.9111111111111101,0.004201193229436873,131.19999999999987,0.1428125,0.45555555555555505,0.0021005966147184365,0.6049718250389097,29.14,0.2023611111111111,0.9111111111111103,0.004200456888491872,131.1999999999999,0.10118055555555555,0.45555555555555516,0.002100228444245936,0.6048657919428295,29.14,0.2023611111111111,0.9111111111111103,0.004200456888491872,131.1999999999999,0.10118055555555555,0.45555555555555516,0.002100228444245936,0.6048657919428295,12.0,0.08333333333333333,0.000694444444444442,0.0,0.09999999999999432,1.0,0.00833333333333286,0.0,0.041666666666666664,0.000347222222222221,0.0,0.0,41.12,0.28555555555555556,0.9069444444444437,0.004199598627487988,130.59999999999985,0.14277777777777778,0.45347222222222183,0.002099799313743994,0.6047422023582704,29.12,0.20222222222222222,0.9062499999999998,0.004199598627487988,130.49999999999991,0.10111111111111111,0.4531249999999999,0.002099799313743994,0.6047422023582704,29.12,0.20222222222222222,0.9062499999999998,0.004199598627487988,130.49999999999991,0.10111111111111111,0.4531249999999999,0.002099799313743994,0.6047422023582704,24.02,0.09999999999999432,1.0008333333333332,0.00416666666666643,0.0008333333333333332,0.08340277777777777,0.0003472222222222765,6.944444444444443e-05,0.019999999999999997,213.46,276.5999999999999,0.7411805555555556,0.9604166666666645,0.004391891482747944,1.264864747031408,58.23,261.6999999999998,0.2021875,0.9086805555555544,0.004201551206852324,1.2100467475734693,58.23,261.6999999999998,0.2021875,0.9086805555555544,0.004201551206852324,1.2100467475734693,82.25,261.79999999999984,0.2855902777777778,0.9090277777777773,0.0041996725724179245,1.2095057008563623,12.02,0.08347222222222223,0.0,0.00013888888888888886,0.0,1.0016666666666667,0.0,0.0016666666666666663,0.04173611111111111,0.0,6.944444444444443e-05,0.019999999999999997,106.75,0.7413194444444444,0.9618055555555545,0.004406861606062687,138.49999999999977,0.3706597222222222,0.48090277777777724,0.0022034308030313434,0.6345880712730269,29.11,0.20215277777777776,0.9111111111111103,0.004206106595680405,131.1999999999999,0.10107638888888888,0.45555555555555516,0.0021030532978402027,0.6056793497779784,29.11,0.20215277777777776,0.9111111111111103,0.004206106595680405,131.1999999999999,0.10107638888888888,0.45555555555555516,0.0021030532978402027,0.6056793497779784,41.13,0.285625,0.9111111111111101,0.004201193229436873,131.19999999999987,0.1428125,0.45555555555555505,0.0021005966147184365,0.6049718250389097,12.0,0.08333333333333333,0.000694444444444442,0.0,0.09999999999999432,1.0,0.00833333333333286,0.0,0.041666666666666664,0.000347222222222221,0.0,0.0,106.71,0.7410416666666666,0.9590277777777771,0.004397921091073275,138.0999999999999,0.3705208333333333,0.4795138888888886,0.0021989605455366374,0.6333006371145515,29.12,0.20222222222222222,0.9062499999999998,0.004199598627487988,130.49999999999991,0.10111111111111111,0.4531249999999999,0.002099799313743994,0.6047422023582704,29.12,0.20222222222222222,0.9062499999999998,0.004199598627487988,130.49999999999991,0.10111111111111111,0.4531249999999999,0.002099799313743994,0.6047422023582704,41.12,0.28555555555555556,0.9069444444444437,0.004199598627487988,130.59999999999985,0.14277777777777778,0.45347222222222183,0.002099799313743994,0.6047422023582704,100
0.8,145.64,51.70000000000027,0.5056944444444444,0.17951388888888875,0.0020140944784569174,0.5800592097955922,72.23,0.5015972222222222,0.19791666666666874,0.0025603282636087106,28.500000000000227,0.2507986111111111,0.09895833333333437,0.0012801641318043553,0.36868726995965434,73.41,0.5097916666666666,0.16111111111111232,0.002611640509768405,23.200000000000045,0.2548958333333333,0.08055555555555616,0.0013058202548842026,0.37607623340665036,24.0,0.10000000000005116,1.0,0.004166666666668206,0.0,0.08333333333333333,0.00034722222222249854,0.0,0.0,96.2,305.3000000000003,0.3340277777777778,1.0600694444444452,0.0036161931131026143,1.041463616573553,72.2,305.2000000000003,0.25069444444444444,1.0597222222222231,0.0036161931131026143,1.041463616573553,72.2,305.2000000000003,0.25069444444444444,1.0597222222222231,0.0036161931131026143,1.041463616573553,12.0,0.08333333333333333,0.000694444444444553,0.0,0.10000000000000853,1.0,0.008333333333334636,0.0,0.041666666666666664,0.0003472222222222765,0.0,0.0,48.11,0.3340972222222222,1.0597222222222231,0.0036116708859926286,152.60000000000014,0.1670486111111111,0.5298611111111116,0.0018058354429963143,0.5200806075829385,36.11,0.2507638888888889,1.0590277777777786,0.0036116708859926286,152.5000000000001,0.12538194444444445,0.5295138888888893,0.0018058354429963143,0.5200806075829385,36.11,0.2507638888888889,1.0590277777777786,0.0036116708859926286,152.5000000000001,0.12538194444444445,0.5295138888888893,0.0018058354429963143,0.5200806075829385,12.0,0.08333333333333333,2.220446049250313e-16,0.0,1.4210854715202004e-14,1.0,1.7763568394002505e-15,0.0,0.041666666666666664,1.1102230246251565e-16,0.0,0.0,48.09,0.33395833333333336,1.0604166666666677,0.0036213688699449015,152.70000000000022,0.16697916666666668,0.5302083333333338,0.0018106844349724508,0.5214771172720658,36.09,0.25062500000000004,1.0604166666666677,0.0036213688699449015,152.70000000000016,0.12531250000000002,0.5302083333333338,0.0018106844349724508,0.5214771172720658,36.09,0.25062500000000004,1.0604166666666677,0.0036213688699449015,152.70000000000016,0.12531250000000002,0.5302083333333338,0.0018106844349724508,0.5214771172720658,24.0,-0.1999999999999602,1.0,-0.008333333333331083,0.0,0.08333333333333333,-0.0006944444444442199,0.0,0.0,227.92,312.6000000000008,0.7913888888888888,1.0854166666666671,0.0037091841817206814,1.0682450443355562,72.2,305.50000000000034,0.25069444444444444,1.0607638888888897,0.0036161931131026143,1.041463616573553,72.2,305.50000000000034,0.25069444444444444,1.0607638888888897,0.0036161931131026143,1.041463616573553,96.2,305.3000000000003,0.3340277777777778,1.0600694444444452,0.0036161931131026143,1.041463616573553,12.0,0.08333333333333333,-0.001388888888888773,0.0,-0.19999999999997442,1.0,-0.01666666666666572,0.0,0.041666666666666664,-0.0006944444444443865,0.0,0.0,113.94,0.79125,1.084722222222224,0.00373359674696014,156.20000000000027,0.395625,0.542361111111112,0.00186679837348007,0.5376379315622601,36.11,0.2507638888888889,1.0611111111111122,0.0036116708859926286,152.80000000000013,0.12538194444444445,0.5305555555555561,0.0018058354429963143,0.5200806075829385,36.11,0.2507638888888889,1.0611111111111122,0.0036116708859926286,152.80000000000013,0.12538194444444445,0.5305555555555561,0.0018058354429963143,0.5200806075829385,48.11,0.3340972222222222,1.0597222222222231,0.0036116708859926286,152.60000000000014,0.1670486111111111,0.5298611111111116,0.0018058354429963143,0.5200806075829385,12.0,0.08333333333333333,2.220446049250313e-16,0.0,1.4210854715202004e-14,1.0,1.7763568394002505e-15,0.0,0.041666666666666664,1.1102230246251565e-16,0.0,0.0,113.98,0.7915277777777778,1.0861111111111121,0.0036957775035208243,156.40000000000032,0.3957638888888889,0.5430555555555561,0.0018478887517604122,0.5321919605069987,36.09,0.25062500000000004,1.0604166666666677,0.0036213688699449015,152.70000000000016,0.12531250000000002,0.5302083333333338,0.0018106844349724508,0.5214771172720658,36.09,0.25062500000000004,1.0604166666666677,0.0036213688699449015,152.70000000000016,0.12531250000000002,0.5302083333333338,0.0018106844349724508,0.5214771172720658,48.09,0.33395833333333336,1.0604166666666677,0.0036213688699449015,152.70000000000022,0.16697916666666668,0.5302083333333338,0.0018106844349724508,0.5214771172720658,100
0.85,148.76,64.49999999999977,0.5165277777777777,0.22395833333333304,0.0018506151173347187,0.532977153792399,73.93,0.5134027777777779,0.279166666666665,0.0025304738739141156,40.19999999999982,0.25670138888888894,0.1395833333333325,0.0012652369369570578,0.36438823784363267,74.83,0.5196527777777777,0.16875000000000018,0.0024558369324240944,24.29999999999984,0.25982638888888887,0.08437500000000009,0.0012279184662120472,0.3536405182690696,24.0,-2.842170943040401e-14,1.0,-1.7763568394002505e-15,0.0,0.08333333333333333,-2.220446049250313e-16,0.0,0.0,112.78,312.4,0.3915972222222222,1.0847222222222217,0.0029278601814167,0.8432237322480095,88.78,312.4,0.3082638888888889,1.0847222222222217,0.0029278601814167,0.8432237322480095,88.78,312.4,0.3082638888888889,1.0847222222222217,0.0029278601814167,0.8432237322480095,12.0,0.08333333333333333,-2.220446049250313e-16,0.0,-1.4210854715202004e-14,1.0,-1.7763568394002505e-15,0.0,0.041666666666666664,-1.1102230246251565e-16,0.0,0.0,56.39,0.3915972222222222,1.084027777777778,0.0029278601814167,156.09999999999997,0.1957986111111111,0.542013888888889,0.00146393009070835,0.42161186612400475,44.39,0.3082638888888889,1.0840277777777771,0.0029278601814167,156.10000000000002,0.15413194444444445,0.5420138888888886,0.00146393009070835,0.42161186612400475,44.39,0.3082638888888889,1.0840277777777771,0.0029278601814167,156.10000000000002,0.15413194444444445,0.5420138888888886,0.00146393009070835,0.42161186612400475,12.0,0.08333333333333333,-2.220446049250313e-16,0.0,-1.4210854715202004e-14,1.0,-1.7763568394002505e-15,0.0,0.041666666666666664,-1.1102230246251565e-16,0.0,0.0,56.39,0.3915972222222222,1.0854166666666663,0.0029278601814167,156.29999999999995,0.1957986111111111,0.5427083333333331,0.00146393009070835,0.42161186612400475,44.39,0.3082638888888889,1.0854166666666658,0.0029278601814167,156.29999999999995,0.15413194444444445,0.5427083333333329,0.00146393009070835,0.42161186612400475,44.39,0.3082638888888889,1.0854166666666658,0.0029278601814167,156.29999999999995,0.15413194444444445,0.5427083333333329,0.00146393009070835,0.42161186612400475,24.0,-2.842170943040401e-14,1.0,-1.7763568394002505e-15,0.0,0.08333333333333333,-2.220446049250313e-16,0.0,0.0,244.72,315.1999999999998,0.8497222222222223,1.094444444444445,0.002949616140869201,0.8494894485703298,88.78,312.4,0.3082638888888889,1.0847222222222217,0.0029278601814167,0.8432237322480095,88.78,312.4,0.3082638888888889,1.0847222222222217,0.0029278601814167,0.8432237322480095,112.78,312.4,0.3915972222222222,1.0847222222222217,0.0029278601814167,0.8432237322480095,12.0,0.08333333333333333,-2.220446049250313e-16,0.0,-1.4210854715202004e-14,1.0,-1.7763568394002505e-15,0.0,0.041666666666666664,-1.1102230246251565e-16,0.0,0.0,122.37,0.8497916666666667,1.0958333333333323,0.00294570779231079,157.79999999999995,0.42489583333333336,0.5479166666666662,0.001472853896155395,0.42418192209275374,44.39,0.3082638888888889,1.0840277777777771,0.0029278601814167,156.10000000000002,0.15413194444444445,0.5420138888888886,0.00146393009070835,0.42161186612400475,44.39,0.3082638888888889,1.0840277777777771,0.0029278601814167,156.10000000000002,0.15413194444444445,0.5420138888888886,0.00146393009070835,0.42161186612400475,56.39,0.3915972222222222,1.084027777777778,0.0029278601814167,156.09999999999997,0.1957986111111111,0.542013888888889,0.00146393009070835,0.42161186612400475,12.0,0.08333333333333333,-2.220446049250313e-16,0.0,-1.4210854715202004e-14,1.0,-1.7763568394002505e-15,0.0,0.041666666666666664,-1.1102230246251565e-16,0.0,0.0,122.35,0.8496527777777777,1.0930555555555541,0.0029567996055861584,157.39999999999986,0.42482638888888885,0.5465277777777771,0.0014783998027930792,0.4257791432044068,44.39,0.3082638888888889,1.0854166666666658,0.0029278601814167,156.29999999999995,0.15413194444444445,0.5427083333333329,0.00146393009070835,0.42161186612400475,44.39,0.3082638888888889,1.0854166666666658,0.0029278601814167,156.29999999999995,0.15413194444444445,0.5427083333333329,0.00146393009070835,0.42161186612400475,56.39,0.3915972222222222,1.0854166666666663,0.0029278601814167,156.29999999999995,0.1957986111111111,0.5427083333333331,0.00146393009070835,0.42161186612400475,100
0.9,152.09,53.70000000000027,0.5280902777777778,0.18645833333333428,0.0014880226687184668,0.4285505285909184,76.25,0.5295138888888888,0.2027777777777766,0.0013761162130338175,29.199999999999932,0.2647569444444444,0.1013888888888883,0.0006880581065169088,0.19816073467686973,75.84,0.5266666666666667,0.17013888888889017,0.002537135341800137,24.500000000000114,0.26333333333333336,0.08506944444444509,0.0012685676709000685,0.3653474892192197,24.0,2.842170943040401e-14,1.0,1.7763568394002505e-15,0.0,0.08333333333333333,2.220446049250313e-16,0.0,0.0,127.44,293.0000000000002,0.4425,1.017361111111113,0.002602269698165962,0.7494536730717971,103.44,293.0000000000002,0.35916666666666663,1.017361111111112,0.002602269698165962,0.7494536730717971,103.44,293.0000000000002,0.35916666666666663,1.017361111111112,0.002602269698165962,0.7494536730717971,12.0,0.08333333333333333,2.220446049250313e-16,0.0,1.4210854715202004e-14,1.0,1.7763568394002505e-15,0.0,0.041666666666666664,1.1102230246251565e-16,0.0,0.0,63.72,0.4425,1.017361111111113,0.002602269698165962,146.5000000000001,0.22125,0.5086805555555565,0.001301134849082981,0.37472683653589856,51.72,0.35916666666666663,1.017361111111112,0.002602269698165962,146.5000000000001,0.17958333333333332,0.508680555555556,0.001301134849082981,0.37472683653589856,51.72,0.35916666666666663,1.017361111111112,0.002602269698165962,146.5000000000001,0.17958333333333332,0.508680555555556,0.001301134849082981,0.37472683653589856,12.0,0.08333333333333333,2.220446049250313e-16,0.0,1.4210854715202004e-14,1.0,1.7763568394002505e-15,0.0,0.041666666666666664,1.1102230246251565e-16,0.0,0.0,63.72,0.4425,1.017361111111113,0.002602269698165962,146.5000000000001,0.22125,0.5086805555555565,0.001301134849082981,0.37472683653589856,51.72,0.35916666666666663,1.017361111111112,0.002602269698165962,146.5000000000001,0.17958333333333332,0.508680555555556,0.001301134849082981,0.37472683653589856,51.72,0.35916666666666663,1.017361111111112,0.002602269698165962,146.5000000000001,0.17958333333333332,0.508680555555556,0.001301134849082981,0.37472683653589856,24.0,2.842170943040401e-14,1.0,1.7763568394002505e-15,0.0,0.08333333333333333,2.220446049250313e-16,0.0,0.0,259.44,293.60000000000036,0.9008333333333334,1.0194444444444457,0.002602269698165962,0.7494536730717971,103.44,293.0000000000002,0.35916666666666663,1.017361111111112,0.002602269698165962,0.7494536730717971,103.44,293.0000000000002,0.35916666666666663,1.017361111111112,0.002602269698165962,0.7494536730717971,127.44,293.0000000000002,0.4425,1.017361111111113,0.002602269698165962,0.7494536730717971,12.0,0.08333333333333333,2.220446049250313e-16,0.0,1.4210854715202004e-14,1.0,1.7763568394002505e-15,0.0,0.041666666666666664,1.1102230246251565e-16,0.0,0.0,129.72,0.9008333333333334,1.0187500000000007,0.002602269698165962,146.70000000000005,0.4504166666666667,0.5093750000000004,0.001301134849082981,0.37472683653589856,51.72,0.35916666666666663,1.017361111111112,0.002602269698165962,146.5000000000001,0.17958333333333332,0.508680555555556,0.001301134849082981,0.37472683653589856,51.72,0.35916666666666663,1.017361111111112,0.002602269698165962,146.5000000000001,0.17958333333333332,0.508680555555556,0.001301134849082981,0.37472683653589856,63.72,0.4425,1.017361111111113,0.002602269698165962,146.5000000000001,0.22125,0.5086805555555565,0.001301134849082981,0.37472683653589856,12.0,0.08333333333333333,2.220446049250313e-16,0.0,1.4210854715202004e-14,1.0,1.7763568394002505e-15,0.0,0.041666666666666664,1.1102230246251565e-16,0.0,0.0,129.72,0.9008333333333334,1.0201388888888907,0.002602269698165962,146.90000000000032,0.4504166666666667,0.5100694444444454,0.001301134849082981,0.37472683653589856,51.72,0.35916666666666663,1.017361111111112,0.002602269698165962,146.5000000000001,0.17958333333333332,0.508680555555556,0.001301134849082981,0.37472683653589856,51.72,0.35916666666666663,1.017361111111112,0.002602269698165962,146.5000000000001,0.17958333333333332,0.508680555555556,0.001301134849082981,0.37472683653589856,63.72,0.4425,1.017361111111113,0.002602269698165962,146.5000000000001,0.22125,0.5086805555555565,0.001301134849082981,0.37472683653589856,100
0.95,154.13,29.09999999999968,0.5351736111111111,0.10104166666666536,0.0007380643331134429,0.21256252793667157,76.85,0.5336805555555555,0.12152777777777679,0.0011313351299819224,17.499999999999773,0.26684027777777775,0.060763888888888395,0.0005656675649909612,0.1629122587173968,77.28,0.5366666666666666,0.08055555555555483,0.0010261422665089372,11.599999999999909,0.2683333333333333,0.04027777777777741,0.0005130711332544686,0.14776448637728695,24.0,-2.842170943040401e-14,1.0,-1.7763568394002505e-15,0.0,0.08333333333333333,-2.220446049250313e-16,0.0,0.0,142.08,285.5999999999999,0.4933333333333334,0.9916666666666654,0.0019440435693872113,0.5598845479835168,118.08,285.5999999999999,0.41,0.9916666666666663,0.0019440435693872115,0.559884547983517,118.08,285.5999999999999,0.41,0.9916666666666663,0.0019440435693872115,0.559884547983517,12.0,0.08333333333333333,-2.220446049250313e-16,0.0,-1.4210854715202004e-14,1.0,-1.7763568394002505e-15,0.0,0.041666666666666664,-1.1102230246251565e-16,0.0,0.0,71.04,0.4933333333333334,0.9916666666666654,0.0019440435693872113,142.79999999999995,0.2466666666666667,0.4958333333333327,0.0009720217846936057,0.2799422739917584,59.04,0.41,0.9916666666666663,0.0019440435693872115,142.79999999999995,0.205,0.4958333333333331,0.0009720217846936058,0.2799422739917585,59.04,0.41,0.9916666666666663,0.0019440435693872115,142.79999999999995,0.205,0.4958333333333331,0.0009720217846936058,0.2799422739917585,12.0,0.08333333333333333,-2.220446049250313e-16,0.0,-1.4210854715202004e-14,1.0,-1.7763568394002505e-15,0.0,0.041666666666666664,-1.1102230246251565e-16,0.0,0.0,71.04,0.4933333333333334,0.9916666666666654,0.0019440435693872113,142.79999999999995,0.2466666666666667,0.4958333333333327,0.0009720217846936057,0.2799422739917584,59.04,0.41,0.9916666666666663,0.0019440435693872115,142.79999999999995,0.205,0.4958333333333331,0.0009720217846936058,0.2799422739917585,59.04,0.41,0.9916666666666663,0.0019440435693872115,142.79999999999995,0.205,0.4958333333333331,0.0009720217846936058,0.2799422739917585,24.0,-2.842170943040401e-14,1.0,-1.7763568394002505e-15,0.0,0.08333333333333333,-2.220446049250313e-16,0.0,0.0,274.08,285.59999999999945,0.9516666666666667,0.9916666666666654,0.0019440435693872113,0.5598845479835168,118.08,285.5999999999999,0.41,0.9916666666666663,0.0019440435693872115,0.559884547983517,118.08,285.5999999999999,0.41,0.9916666666666663,0.0019440435693872115,0.559884547983517,142.08,285.5999999999999,0.4933333333333334,0.9916666666666654,0.0019440435693872113,0.5598845479835168,12.0,0.08333333333333333,-2.220446049250313e-16,0.0,-1.4210854715202004e-14,1.0,-1.7763568394002505e-15,0.0,0.041666666666666664,-1.1102230246251565e-16,0.0,0.0,137.04,0.9516666666666667,0.9916666666666654,0.0019440435693872113,142.79999999999973,0.47583333333333333,0.4958333333333327,0.0009720217846936057,0.2799422739917584,59.04,0.41,0.9916666666666663,0.0019440435693872115,142.79999999999995,0.205,0.4958333333333331,0.0009720217846936058,0.2799422739917585,59.04,0.41,0.9916666666666663,0.0019440435693872115,142.79999999999995,0.205,0.4958333333333331,0.0009720217846936058,0.2799422739917585,71.04,0.4933333333333334,0.9916666666666654,0.0019440435693872113,142.79999999999995,0.2466666666666667,0.4958333333333327,0.0009720217846936057,0.2799422739917584,12.0,0.08333333333333333,-2.220446049250313e-16,0.0,-1.4210854715202004e-14,1.0,-1.7763568394002505e-15,0.0,0.041666666666666664,-1.1102230246251565e-16,0.0,0.0,137.04,0.9516666666666667,0.9916666666666654,0.0019440435693872113,142.79999999999973,0.47583333333333333,0.4958333333333327,0.0009720217846936057,0.2799422739917584,59.04,0.41,0.9916666666666663,0.0019440435693872115,142.79999999999995,0.205,0.4958333333333331,0.0009720217846936058,0.2799422739917585,59.04,0.41,0.9916666666666663,0.0019440435693872115,142.79999999999995,0.205,0.4958333333333331,0.0009720217846936058,0.2799422739917585,71.04,0.4933333333333334,0.9916666666666654,0.0019440435693872113,142.79999999999995,0.2466666666666667,0.4958333333333327,0.0009720217846936057,0.2799422739917584,100
1.0,155.0,17.400000000000077,0.5381944444444444,0.060416666666667174,0.0,0.0,78.0,0.5416666666666666,0.15972222222222263,0.0,23.000000000000092,0.2708333333333333,0.07986111111111131,0.0,0.0,77.0,0.5347222222222222,-0.03888888888888827,0.0,-5.600000000000017,0.2673611111111111,-0.019444444444444136,0.0,0.0,24.0,0.0,1.0,0.0,0.0,0.08333333333333333,0.0,0.0,0.0,156.0,278.3999999999995,0.5416666666666666,0.9666666666666637,0.0,0.0,132.0,278.3999999999998,0.4583333333333333,0.9666666666666659,0.0,0.0,132.0,278.3999999999998,0.4583333333333333,0.9666666666666659,0.0,0.0,12.0,0.08333333333333333,0.0,0.0,0.0,1.0,0.0,0.0,0.041666666666666664,0.0,0.0,0.0,78.0,0.5416666666666666,0.9666666666666637,0.0,139.19999999999976,0.2708333333333333,0.48333333333333184,0.0,0.0,66.0,0.4583333333333333,0.9666666666666659,0.0,139.1999999999999,0.22916666666666666,0.48333333333333295,0.0,0.0,66.0,0.4583333333333333,0.9666666666666659,0.0,139.1999999999999,0.22916666666666666,0.48333333333333295,0.0,0.0,12.0,0.08333333333333333,0.0,0.0,0.0,1.0,0.0,0.0,0.041666666666666664,0.0,0.0,0.0,78.0,0.5416666666666666,0.9666666666666637,0.0,139.19999999999976,0.2708333333333333,0.48333333333333184,0.0,0.0,66.0,0.4583333333333333,0.9666666666666659,0.0,139.1999999999999,0.22916666666666666,0.48333333333333295,0.0,0.0,66.0,0.4583333333333333,0.9666666666666659,0.0,139.1999999999999,0.22916666666666666,0.48333333333333295,0.0,0.0,24.0,0.0,1.0,0.0,0.0,0.08333333333333333,0.0,0.0,0.0,288.0,278.4000000000001,1.0,0.9666666666666659,0.0,0.0,132.0,278.3999999999998,0.4583333333333333,0.9666666666666659,0.0,0.0,132.0,278.3999999999998,0.4583333333333333,0.9666666666666659,0.0,0.0,156.0,278.3999999999995,0.5416666666666666,0.9666666666666637,0.0,0.0,12.0,0.08333333333333333,0.0,0.0,0.0,1.0,0.0,0.0,0.041666666666666664,0.0,0.0,0.0,144.0,1.0,0.9666666666666659,0.0,139.20000000000005,0.5,0.48333333333333295,0.0,0.0,66.0,0.4583333333333333,0.9666666666666659,0.0,139.1999999999999,0.22916666666666666,0.48333333333333295,0.0,0.0,66.0,0.4583333333333333,0.9666666666666659,0.0,139.1999999999999,0.22916666666666666,0.48333333333333295,0.0,0.0,78.0,0.5416666666666666,0.9666666666666637,0.0,139.19999999999976,0.2708333333333333,0.48333333333333184,0.0,0.0,12.0,0.08333333333333333,0.0,0.0,0.0,1.0,0.0,0.0,0.041666666666666664,0.0,0.0,0.0,144.0,1.0,0.9666666666666659,0.0,139.20000000000005,0.5,0.48333333333333295,0.0,0.0,66.0,0.4583333333333333,0.9666666666666659,0.0,139.1999999999999,0.22916666666666666,0.48333333333333295,0.0,0.0,66.0,0.4583333333333333,0.9666666666666659,0.0,139.1999999999999,0.22916666666666666,0.48333333333333295,0.0,0.0,78.0,0.5416666666666666,0.9666666666666637,0.0,139.19999999999976,0.2708333333333333,0.48333333333333184,0.0,0.0,100
